case_id,experiment_no,T_C,pH,topo_wt_pct,na_li_mass_ratio,oh_inventory_multiplier,invert_reaction_constants,initial_Li_mol,initial_Na_mol,initial_OH_mol,Li_extraction_pct_calc,Na_extraction_pct_calc,selectivity_calc,Li_extraction_pct_exp,Na_extraction_pct_exp,selectivity_exp,Li_extraction_AARD_contribution_pct,selectivity_AARD_contribution_pct,converged,iterations,final_extent_delta,source
ideal_aqueous_table9_kij_pH_stoich,1,25.0,9.5,20.0,10.0,1.0,False,0.1440922190201729,0.43497609741098314,3.1622776601683795e-05,4.5111285627591876e-10,1.4943353849181516e-10,3.0188193415538196,29.69,8.32,3.57,99.9999999984806,15.439234130145104,True,1,9.999995029861807e-13,Rezaee2025_Table5
ideal_aqueous_table9_kij_pH_stoich,2,35.0,9.5,20.0,10.0,1.0,False,0.1440922190201729,0.43497609741098314,3.1622776601683795e-05,4.5111285627591876e-10,1.4943353849181516e-10,3.0188193415538196,34.01,12.93,2.63,99.9999999986736,14.784005382274513,True,1,9.999995029861807e-13,Rezaee2025_Table5
ideal_aqueous_table9_kij_pH_stoich,3,25.0,10.5,20.0,10.0,1.0,False,0.1440922190201729,0.43497609741098314,0.00031622776601683794,4.512285614339665e-10,1.49433898414029e-10,3.019586360410475,41.35,11.14,3.71,99.99999999890876,18.609532064407677,True,1,9.999950299130392e-13,Rezaee2025_Table5
ideal_aqueous_table9_kij_pH_stoich,4,35.0,10.5,20.0,10.0,1.0,False,0.1440922190201729,0.43497609741098314,0.00031622776601683794,4.512285614339665e-10,1.49433898414029e-10,3.019586360410475,39.24,14.21,2.76,99.99999999885007,9.40530291342302,True,1,9.999950299130392e-13,Rezaee2025_Table5
ideal_aqueous_table9_kij_pH_stoich,5,25.0,9.5,40.0,10.0,1.0,False,0.1440922190201729,0.43497609741098314,3.1622776601683795e-05,4.511397969480151e-10,1.494339107067492e-10,3.0189921070414663,33.03,11.3,2.92,99.99999999863415,3.3901406521050115,True,1,9.99994877140483e-13,Rezaee2025_Table5
ideal_aqueous_table9_kij_pH_stoich,6,35.0,9.5,40.0,10.0,1.0,False,0.1440922190201729,0.43497609741098314,3.1622776601683795e-05,4.511397969480151e-10,1.494339107067492e-10,3.0189921070414663,33.22,16.54,2.01,99.99999999864198,50.198612290620225,True,1,9.99994877140483e-13,Rezaee2025_Table5
ideal_aqueous_table9_kij_pH_stoich,7,25.0,10.5,40.0,10.0,1.0,False,0.1440922190201729,0.43497609741098314,0.00031622776601683794,4.5149796537789413e-10,1.4943762052500184e-10,3.021313935484912,44.53,11.93,3.73,99.99999999898607,18.999626394506382,True,1,9.999487719328933e-13,Rezaee2025_Table5
ideal_aqueous_table9_kij_pH_stoich,8,35.0,10.5,40.0,10.0,1.0,False,0.1440922190201729,0.43497609741098314,0.00031622776601683794,4.5149796537789413e-10,1.4943762052500184e-10,3.021313935484912,37.79,16.85,2.24,99.99999999880524,34.88008640557641,True,1,9.999487719328933e-13,Rezaee2025_Table5
ideal_aqueous_table9_kij_pH_stoich,9,25.0,9.5,20.0,20.0,1.0,False,0.1440922190201729,0.8699521948219663,3.1622776601683795e-05,4.5111333419136537e-10,7.471679072845919e-11,6.037643343526784,34.95,9.61,3.63,99.99999999870926,66.32626290707394,True,1,9.999989690206682e-13,Rezaee2025_Table5
ideal_aqueous_table9_kij_pH_stoich,10,35.0,9.5,20.0,20.0,1.0,False,0.1440922190201729,0.8699521948219663,3.1622776601683795e-05,4.5111333419136537e-10,7.471679072845919e-11,6.037643343526784,30.0,12.73,2.36,99.99999999849629,155.83234506469427,True,1,9.999989690206682e-13,Rezaee2025_Table5
ideal_aqueous_table9_kij_pH_stoich,11,25.0,10.5,20.0,20.0,1.0,False,0.1440922190201729,0.8699521948219663,0.00031622776601683794,4.5123334052541705e-10,7.471716403027355e-11,6.039219319707965,36.85,10.43,3.53,99.9999999987755,71.08270027501318,True,1,9.99989690314019e-13,Rezaee2025_Table5
ideal_aqueous_table9_kij_pH_stoich,12,35.0,10.5,20.0,20.0,1.0,False,0.1440922190201729,0.8699521948219663,0.00031622776601683794,4.5123334052541705e-10,7.471716403027355e-11,6.039219319707965,39.59,16.16,2.45,99.99999999886025,146.49874774318224,True,1,9.99989690314019e-13,Rezaee2025_Table5
ideal_aqueous_table9_kij_pH_stoich,13,25.0,9.5,40.0,20.0,1.0,False,0.1440922190201729,0.8699521948219663,3.1622776601683795e-05,4.5114127634813875e-10,7.471717678000252e-11,6.03798612033322,37.5,10.72,3.5,99.99999999879697,72.51388915237771,True,1,9.999893734095988e-13,Rezaee2025_Table5
ideal_aqueous_table9_kij_pH_stoich,14,35.0,9.5,40.0,20.0,1.0,False,0.1440922190201729,0.8699521948219663,3.1622776601683795e-05,4.5114127634813875e-10,7.471717678000252e-11,6.03798612033322,36.32,15.01,2.42,99.99999999875789,149.50355869145537,True,1,9.999893734095988e-13,Rezaee2025_Table5
ideal_aqueous_table9_kij_pH_stoich,15,25.0,10.5,40.0,20.0,1.0,False,0.1440922190201729,0.8699521948219663,0.00031622776601683794,4.515127591840644e-10,7.472102450551458e-11,6.042646794152853,38.04,10.76,3.53,99.99999999881305,71.1797958683528,True,1,9.998937352023334e-13,Rezaee2025_Table5
ideal_aqueous_table9_kij_pH_stoich,16,35.0,10.5,40.0,20.0,1.0,False,0.1440922190201729,0.8699521948219663,0.00031622776601683794,4.515127591840644e-10,7.472102450551458e-11,6.042646794152853,35.44,14.74,2.4,99.99999999872597,151.7769497563689,True,1,9.998937352023334e-13,Rezaee2025_Table5
ideal_aqueous_table9_kij_pH_stoich,17,20.0,10.0,30.0,15.0,1.0,False,0.1440922190201729,0.6524641461164746,0.0001,4.511770473713436e-10,9.962277782129948e-11,4.528854316636826,37.63,8.49,4.43,99.99999999880102,2.231474416181181,True,1,9.99991695287845e-13,Rezaee2025_Table5
ideal_aqueous_table9_kij_pH_stoich,18,40.0,10.0,30.0,15.0,1.0,False,0.1440922190201729,0.6524641461164746,0.0001,4.511770473713436e-10,9.962277782129948e-11,4.528854316636826,31.51,13.65,2.31,99.99999999856816,96.05429942150762,True,1,9.99991695287845e-13,Rezaee2025_Table5
ideal_aqueous_table9_kij_pH_stoich,19,30.0,9.0,30.0,15.0,1.0,False,0.1440922190201729,0.6524641461164746,1e-05,4.5110770476112634e-10,9.962237688226869e-11,4.5281764888448155,33.64,11.07,3.04,99.999999998659,48.9531739751584,True,1,9.999991695261984e-13,Rezaee2025_Table5
ideal_aqueous_table9_kij_pH_stoich,20,30.0,11.0,30.0,15.0,1.0,False,0.1440922190201729,0.6524641461164746,0.001,4.5187044834936734e-10,9.962678706633962e-11,4.535632048923501,39.9,11.32,3.52,99.9999999988675,28.853183208054013,True,1,9.99916955612368e-13,Rezaee2025_Table5
ideal_aqueous_table9_kij_pH_stoich,21,30.0,10.0,10.0,15.0,1.0,False,0.1440922190201729,0.6524641461164746,0.0001,4.511198444478552e-10,9.962236426415322e-11,4.5282989194242615,38.01,9.79,3.88,99.99999999881317,16.708735036707775,True,1,9.999994047509967e-13,Rezaee2025_Table5
ideal_aqueous_table9_kij_pH_stoich,22,30.0,10.0,50.0,15.0,1.0,False,0.1440922190201729,0.6524641461164746,0.0001,4.51290446859479e-10,9.962574552227946e-11,4.5298576637356875,38.91,11.58,3.36,99.99999999884018,34.817192373085945,True,1,9.999363719025354e-13,Rezaee2025_Table5
ideal_aqueous_table9_kij_pH_stoich,23,30.0,10.0,30.0,5.0,1.0,False,0.1440922190201729,0.21748804870549157,0.0001,4.5117431545418946e-10,2.9886742669201886e-10,1.5096135448682468,36.47,11.76,3.1,99.9999999987629,51.30278887521784,True,1,9.999973299177508e-13,Rezaee2025_Table5
ideal_aqueous_table9_kij_pH_stoich,24,30.0,10.0,30.0,25.0,1.0,False,0.1440922190201729,1.087440243527458,0.0001,4.511799440988071e-10,5.977386163684677e-11,7.548114372130233,30.1,7.85,3.83,99.99999999850107,97.07870423316535,True,1,9.999856384300222e-13,Rezaee2025_Table5
ideal_aqueous_table9_kij_pH_stoich,25,30.0,10.0,30.0,15.0,1.0,False,0.1440922190201729,0.6524641461164746,0.0001,4.511770473713436e-10,9.962277782129948e-11,4.528854316636826,31.83,8.55,3.72,99.99999999858254,21.74339560851682,True,1,9.99991695287845e-13,Rezaee2025_Table5
ideal_aqueous_table9_kij_pH_stoich,26,30.0,10.0,30.0,15.0,1.0,False,0.1440922190201729,0.6524641461164746,0.0001,4.511770473713436e-10,9.962277782129948e-11,4.528854316636826,31.65,8.22,3.85,99.99999999857448,17.63257965290457,True,1,9.99991695287845e-13,Rezaee2025_Table5
held_2014_s2_no_born_table9_kij_pH_stoich,1,25.0,9.5,20.0,10.0,1.0,False,0.1440922190201729,0.43497609741098314,3.1622776601683795e-05,4.511059951207597e-10,1.494335151824843e-10,3.0187738980099668,29.69,8.32,3.57,99.99999999848062,15.440507058544343,True,1,9.999997926719452e-13,Rezaee2025_Table5
held_2014_s2_no_born_table9_kij_pH_stoich,2,35.0,9.5,20.0,10.0,1.0,False,0.1440922190201729,0.43497609741098314,3.1622776601683795e-05,4.511059951207596e-10,1.494335151824843e-10,3.018773898009966,34.01,12.93,2.63,99.9999999986736,14.78227749087323,True,1,9.999997926719452e-13,Rezaee2025_Table5
held_2014_s2_no_born_table9_kij_pH_stoich,3,25.0,10.5,20.0,10.0,1.0,False,0.1440922190201729,0.43497609741098314,0.00031622776601683794,4.5115995176237473e-10,1.4943366531664286e-10,3.019131939288166,41.35,11.14,3.71,99.99999999890893,18.62178061217881,True,1,9.99997926821363e-13,Rezaee2025_Table5
held_2014_s2_no_born_table9_kij_pH_stoich,4,35.0,10.5,20.0,10.0,1.0,False,0.1440922190201729,0.43497609741098314,0.00031622776601683794,4.5115995176237473e-10,1.4943366531664286e-10,3.019131939288166,39.24,14.21,2.76,99.99999999885026,9.388838380006028,True,1,9.99997926821363e-13,Rezaee2025_Table5
held_2014_s2_no_born_table9_kij_pH_stoich,5,25.0,9.5,40.0,10.0,1.0,False,0.1440922190201729,0.43497609741098314,3.1622776601683795e-05,4.5111855805761514e-10,1.494336704510004e-10,3.018854831686262,33.03,11.3,2.92,99.99999999863422,3.3854394413103375,True,1,9.9999786301214e-13,Rezaee2025_Table5
held_2014_s2_no_born_table9_kij_pH_stoich,6,35.0,9.5,40.0,10.0,1.0,False,0.1440922190201729,0.43497609741098314,3.1622776601683795e-05,4.5111855805761514e-10,1.494336704510004e-10,3.018854831686262,33.22,16.54,2.01,99.99999999864202,50.19178267095831,True,1,9.9999786301214e-13,Rezaee2025_Table5
held_2014_s2_no_born_table9_kij_pH_stoich,7,25.0,10.5,40.0,10.0,1.0,False,0.1440922190201729,0.43497609741098314,0.00031622776601683794,4.5128558229347985e-10,1.4943521792548333e-10,3.0199412732714443,44.53,11.93,3.73,99.99999999898657,19.036426990041704,True,1,9.999786311718134e-13,Rezaee2025_Table5
held_2014_s2_no_born_table9_kij_pH_stoich,8,35.0,10.5,40.0,10.0,1.0,False,0.1440922190201729,0.43497609741098314,0.00031622776601683794,4.512855822934822e-10,1.4943521792548335e-10,3.019941273271459,37.79,16.85,2.24,99.9999999988058,34.81880684247584,True,1,9.999786311718132e-13,Rezaee2025_Table5
held_2014_s2_no_born_table9_kij_pH_stoich,9,25.0,9.5,20.0,20.0,1.0,False,0.1440922190201729,0.8699521948219663,3.1622776601683795e-05,4.5110657861102977e-10,7.471676600872475e-11,6.037554925200505,34.95,9.61,3.63,99.99999999870927,66.32382714050978,True,1,9.999995834488748e-13,Rezaee2025_Table5
held_2014_s2_no_born_table9_kij_pH_stoich,10,35.0,9.5,20.0,20.0,1.0,False,0.1440922190201729,0.8699521948219663,3.1622776601683795e-05,4.5110657861103003e-10,7.471676600872475e-11,6.037554925200508,30.0,12.73,2.36,99.99999999849632,155.82859852544527,True,1,9.999995834488748e-13,Rezaee2025_Table5
held_2014_s2_no_born_table9_kij_pH_stoich,11,25.0,10.5,20.0,20.0,1.0,False,0.1440922190201729,0.8699521948219663,0.00031622776601683794,4.511657908913627e-10,7.471691683962149e-11,6.03833522547219,36.85,10.43,3.53,99.99999999877566,71.05765511252665,True,1,9.999958344297416e-13,Rezaee2025_Table5
held_2014_s2_no_born_table9_kij_pH_stoich,12,35.0,10.5,20.0,20.0,1.0,False,0.1440922190201729,0.8699521948219663,0.00031622776601683794,4.5116579089136545e-10,7.471691683962149e-11,6.038335225472227,39.59,16.16,2.45,99.9999999988604,146.46266226417248,True,1,9.999958344297414e-13,Rezaee2025_Table5
held_2014_s2_no_born_table9_kij_pH_stoich,13,25.0,9.5,40.0,20.0,1.0,False,0.1440922190201729,0.8699521948219663,3.1622776601683795e-05,4.5112036426744643e-10,7.471692198683194e-11,6.03772682642028,37.5,10.72,3.5,99.99999999879701,72.50648075486514,True,1,9.999957064918265e-13,Rezaee2025_Table5
held_2014_s2_no_born_table9_kij_pH_stoich,14,35.0,9.5,40.0,20.0,1.0,False,0.1440922190201729,0.8699521948219663,3.1622776601683795e-05,4.5112036426744643e-10,7.471692198683194e-11,6.03772682642028,36.32,15.01,2.42,99.99999999875791,149.49284406695372,True,1,9.999957064918265e-13,Rezaee2025_Table5
held_2014_s2_no_born_table9_kij_pH_stoich,15,25.0,10.5,40.0,20.0,1.0,False,0.1440922190201729,0.8699521948219663,0.00031622776601683794,4.5130365747437187e-10,7.471847664278882e-11,6.040054317915859,38.04,10.76,3.53,99.99999999881362,71.10635461518014,True,1,9.999570643100586e-13,Rezaee2025_Table5
held_2014_s2_no_born_table9_kij_pH_stoich,16,35.0,10.5,40.0,20.0,1.0,False,0.1440922190201729,0.8699521948219663,0.00031622776601683794,4.5130365747437187e-10,7.471847664278882e-11,6.040054317915859,35.44,14.74,2.4,99.99999999872658,151.66892991316078,True,1,9.999570643100586e-13,Rezaee2025_Table5
held_2014_s2_no_born_table9_kij_pH_stoich,17,20.0,10.0,30.0,15.0,1.0,False,0.1440922190201729,0.6524641461164746,0.0001,4.511364654264544e-10,9.962251286034903e-11,4.528459004631394,37.63,8.49,4.43,99.99999999880112,2.2225508946138604,True,1,9.999966346455674e-13,Rezaee2025_Table5
held_2014_s2_no_born_table9_kij_pH_stoich,18,40.0,10.0,30.0,15.0,1.0,False,0.1440922190201729,0.6524641461164746,0.0001,4.511364654264544e-10,9.962251286034903e-11,4.528459004631394,31.51,13.65,2.31,99.99999999856827,96.03718634767938,True,1,9.999966346455674e-13,Rezaee2025_Table5
held_2014_s2_no_born_table9_kij_pH_stoich,19,30.0,9.0,30.0,15.0,1.0,False,0.1440922190201729,0.6524641461164746,1e-05,4.511036464856636e-10,9.962235038608653e-11,4.528136956590674,33.64,11.07,3.04,99.99999999865904,48.95187357206164,True,1,9.99999663463595e-13,Rezaee2025_Table5
held_2014_s2_no_born_table9_kij_pH_stoich,20,30.0,11.0,30.0,15.0,1.0,False,0.1440922190201729,0.6524641461164746,0.001,4.514647106672475e-10,9.962413754901481e-11,4.531679990154275,39.9,11.32,3.52,99.99999999886852,28.74090881120098,True,1,9.999663474711955e-13,Rezaee2025_Table5
held_2014_s2_no_born_table9_kij_pH_stoich,21,30.0,10.0,10.0,15.0,1.0,False,0.1440922190201729,0.6524641461164746,0.0001,4.511093920952933e-10,9.962234527279762e-11,4.528194862909647,38.01,9.79,3.88,99.9999999988132,16.70605316777441,True,1,9.999997587846713e-13,Rezaee2025_Table5
held_2014_s2_no_born_table9_kij_pH_stoich,22,30.0,10.0,50.0,15.0,1.0,False,0.1440922190201729,0.6524641461164746,0.0001,4.51190135793426e-10,9.962371547465529e-11,4.528943069867844,38.91,11.58,3.36,99.99999999884044,34.789972317495355,True,1,9.999742157108118e-13,Rezaee2025_Table5
held_2014_s2_no_born_table9_kij_pH_stoich,23,30.0,10.0,30.0,5.0,1.0,False,0.1440922190201729,0.21748804870549157,0.0001,4.511357774954939e-10,2.988671901984711e-10,1.5094857926556093,36.47,11.76,3.1,99.999999998763,51.30690991433518,True,1,9.999987994754717e-13,Rezaee2025_Table5
held_2014_s2_no_born_table9_kij_pH_stoich,24,30.0,10.0,30.0,25.0,1.0,False,0.1440922190201729,1.087440243527458,0.0001,4.5114185659097644e-10,5.977358881545368e-11,7.547511627314899,30.1,7.85,3.83,99.99999999850118,97.06296677062399,True,1,9.999941149146547e-13,Rezaee2025_Table5
held_2014_s2_no_born_table9_kij_pH_stoich,25,30.0,10.0,30.0,15.0,1.0,False,0.1440922190201729,0.6524641461164746,0.0001,4.511364654264544e-10,9.962251286034903e-11,4.528459004631394,31.83,8.55,3.72,99.99999999858267,21.732768941704126,True,1,9.999966346455674e-13,Rezaee2025_Table5
held_2014_s2_no_born_table9_kij_pH_stoich,26,30.0,10.0,30.0,15.0,1.0,False,0.1440922190201729,0.6524641461164746,0.0001,4.511364654264544e-10,9.962251286034903e-11,4.528459004631394,31.65,8.22,3.85,99.9999999985746,17.622311808607623,True,1,9.999966346455674e-13,Rezaee2025_Table5
held_2014_s2_no_born_no_kij_pH_stoich,1,25.0,9.5,20.0,10.0,1.0,False,0.1440922190201729,0.43497609741098314,3.1622776601683795e-05,4.5110415657725416e-10,1.4943350872279309e-10,3.0187617250831993,29.69,8.32,3.57,99.99999999848062,15.44084803688517,True,1,9.999998729522674e-13,Rezaee2025_Table5
held_2014_s2_no_born_no_kij_pH_stoich,2,35.0,9.5,20.0,10.0,1.0,False,0.1440922190201729,0.43497609741098314,3.1622776601683795e-05,4.5110415657725406e-10,1.4943350872279309e-10,3.0187617250831984,34.01,12.93,2.63,99.99999999867362,14.781814641946713,True,1,9.999998729522674e-13,Rezaee2025_Table5
held_2014_s2_no_born_no_kij_pH_stoich,3,25.0,10.5,20.0,10.0,1.0,False,0.1440922190201729,0.43497609741098314,0.00031622776601683794,4.5114156615718375e-10,1.4943360072290587e-10,3.0190102090475204,41.35,11.14,3.71,99.99999999890896,18.625061750740688,True,1,9.99998729585124e-13,Rezaee2025_Table5
held_2014_s2_no_born_no_kij_pH_stoich,4,35.0,10.5,20.0,10.0,1.0,False,0.1440922190201729,0.43497609741098314,0.00031622776601683794,4.5114156615718375e-10,1.4943360072290587e-10,3.0190102090475204,39.24,14.21,2.76,99.9999999988503,9.384427864040601,True,1,9.99998729585124e-13,Rezaee2025_Table5
held_2014_s2_no_born_no_kij_pH_stoich,5,25.0,9.5,40.0,10.0,1.0,False,0.1440922190201729,0.43497609741098314,3.1622776601683795e-05,4.511014165437875e-10,1.4943350067035893e-10,3.0187435516142354,33.03,11.3,2.92,99.99999999863427,3.3816284799395695,True,1,9.999999730270211e-13,Rezaee2025_Table5
held_2014_s2_no_born_no_kij_pH_stoich,6,35.0,9.5,40.0,10.0,1.0,False,0.1440922190201729,0.43497609741098314,3.1622776601683795e-05,4.511014165437875e-10,1.4943350067035893e-10,3.0187435516142354,33.22,16.54,2.01,99.99999999864207,50.18624634896695,True,1,9.999999730270211e-13,Rezaee2025_Table5
held_2014_s2_no_born_no_kij_pH_stoich,7,25.0,10.5,40.0,10.0,1.0,False,0.1440922190201729,0.43497609741098314,0.00031622776601683794,4.511141655689586e-10,1.4943352020252254e-10,3.0188284727387655,44.53,11.93,3.73,99.99999999898694,19.0662607844835,True,1,9.999997302834698e-13,Rezaee2025_Table5
held_2014_s2_no_born_no_kij_pH_stoich,8,35.0,10.5,40.0,10.0,1.0,False,0.1440922190201729,0.43497609741098314,0.00031622776601683794,4.5111416556895876e-10,1.4943352020252254e-10,3.018828472738767,37.79,16.85,2.24,99.99999999880625,34.769128247266366,True,1,9.999997302834698e-13,Rezaee2025_Table5
held_2014_s2_no_born_no_kij_pH_stoich,9,25.0,9.5,20.0,20.0,1.0,False,0.1440922190201729,0.8699521948219663,3.1622776601683795e-05,4.5110456112663387e-10,7.471675951951216e-11,6.037528447801977,34.95,9.61,3.63,99.99999999870928,66.32309773559166,True,1,9.99999744743296e-13,Rezaee2025_Table5
held_2014_s2_no_born_no_kij_pH_stoich,10,35.0,9.5,20.0,20.0,1.0,False,0.1440922190201729,0.8699521948219663,3.1622776601683795e-05,4.5110456112663413e-10,7.471675951951216e-11,6.03752844780198,30.0,12.73,2.36,99.99999999849632,155.82747660177884,True,1,9.99999744743296e-13,Rezaee2025_Table5
held_2014_s2_no_born_no_kij_pH_stoich,11,25.0,10.5,20.0,20.0,1.0,False,0.1440922190201729,0.8699521948219663,0.00031622776601683794,4.5114561458117865e-10,7.471685194657637e-11,6.038070432942682,36.85,10.43,3.53,99.99999999877572,71.05015390772472,True,1,9.999974473967997e-13,Rezaee2025_Table5
held_2014_s2_no_born_no_kij_pH_stoich,12,35.0,10.5,20.0,20.0,1.0,False,0.1440922190201729,0.8699521948219663,0.00031622776601683794,4.5114561458118056e-10,7.471685194657637e-11,6.038070432942708,39.59,16.16,2.45,99.99999999886046,146.4518544058248,True,1,9.999974473967997e-13,Rezaee2025_Table5
held_2014_s2_no_born_no_kij_pH_stoich,13,25.0,9.5,40.0,20.0,1.0,False,0.1440922190201729,0.8699521948219663,3.1622776601683795e-05,4.5110155441248946e-10,7.471675143027767e-11,6.037488859957158,37.5,10.72,3.5,99.99999999879707,72.49968171306165,True,1,9.999999458075045e-13,Rezaee2025_Table5
held_2014_s2_no_born_no_kij_pH_stoich,14,35.0,9.5,40.0,20.0,1.0,False,0.1440922190201729,0.8699521948219663,3.1622776601683795e-05,4.5110155441248946e-10,7.471675143027767e-11,6.037488859957158,36.32,15.01,2.42,99.99999999875799,149.48301074203133,True,1,9.999999458075045e-13,Rezaee2025_Table5
held_2014_s2_no_born_no_kij_pH_stoich,15,25.0,10.5,40.0,20.0,1.0,False,0.1440922190201729,0.8699521948219663,0.00031622776601683794,4.511155452545771e-10,7.471677105308557e-11,6.037674526031962,38.04,10.76,3.53,99.99999999881409,71.03893841450318,True,1,9.999994580673674e-13,Rezaee2025_Table5
held_2014_s2_no_born_no_kij_pH_stoich,16,35.0,10.5,40.0,20.0,1.0,False,0.1440922190201729,0.8699521948219663,0.00031622776601683794,4.511155452545771e-10,7.471677105308557e-11,6.037674526031962,35.44,14.74,2.4,99.9999999987271,151.56977191799842,True,1,9.999994580673674e-13,Rezaee2025_Table5
held_2014_s2_no_born_no_kij_pH_stoich,17,20.0,10.0,30.0,15.0,1.0,False,0.1440922190201729,0.6524641461164746,0.0001,4.5110784852457965e-10,9.962234684008738e-11,4.528179297449122,37.63,8.49,4.43,99.9999999988012,2.2162369627341363,True,1,9.999997295675175e-13,Rezaee2025_Table5
held_2014_s2_no_born_no_kij_pH_stoich,18,40.0,10.0,30.0,15.0,1.0,False,0.1440922190201729,0.6524641461164746,0.0001,4.5110784852457965e-10,9.962234684008738e-11,4.528179297449122,31.51,13.65,2.31,99.99999999856836,96.02507781165029,True,1,9.999997295675175e-13,Rezaee2025_Table5
held_2014_s2_no_born_no_kij_pH_stoich,19,30.0,9.0,30.0,15.0,1.0,False,0.1440922190201729,0.6524641461164746,1e-05,4.511007848401937e-10,9.962233378401288e-11,4.52810898626614,33.64,11.07,3.04,99.99999999865904,48.95095349559672,True,1,9.999999729566744e-13,Rezaee2025_Table5
held_2014_s2_no_born_no_kij_pH_stoich,20,30.0,11.0,30.0,15.0,1.0,False,0.1440922190201729,0.6524641461164746,0.001,4.511784973854602e-10,9.962247739649618e-11,4.528882529088045,39.9,11.32,3.52,99.99999999886923,28.661435485455815,True,1,9.999972957567808e-13,Rezaee2025_Table5
held_2014_s2_no_born_no_kij_pH_stoich,21,30.0,10.0,10.0,15.0,1.0,False,0.1440922190201729,0.6524641461164746,0.0001,4.5112407544545025e-10,9.96224052713203e-11,4.528339525800646,38.01,9.79,3.88,99.99999999881314,16.709781592800145,True,1,9.999986403022466e-13,Rezaee2025_Table5
held_2014_s2_no_born_no_kij_pH_stoich,22,30.0,10.0,50.0,15.0,1.0,False,0.1440922190201729,0.6524641461164746,0.0001,4.5110277583173913e-10,9.962233559669316e-11,4.52812888926801,38.91,11.58,3.36,99.99999999884065,34.765740752024115,True,1,9.999999391649923e-13,Rezaee2025_Table5
held_2014_s2_no_born_no_kij_pH_stoich,23,30.0,10.0,30.0,5.0,1.0,False,0.1440922190201729,0.21748804870549157,0.0001,4.511077004598626e-10,2.9886701252500433e-10,1.5093927451164295,36.47,11.76,3.1,99.99999999876307,51.30991144785712,True,1,9.999999035284887e-13,Rezaee2025_Table5
held_2014_s2_no_born_no_kij_pH_stoich,24,30.0,10.0,30.0,25.0,1.0,False,0.1440922190201729,1.087440243527458,0.0001,4.511090088753936e-10,5.977341462100937e-11,7.546984085410376,30.1,7.85,3.83,99.9999999985013,97.04919283055811,True,1,9.999995270874819e-13,Rezaee2025_Table5
held_2014_s2_no_born_no_kij_pH_stoich,25,30.0,10.0,30.0,15.0,1.0,False,0.1440922190201729,0.6524641461164746,0.0001,4.5110784852457965e-10,9.962234684008738e-11,4.528179297449122,31.83,8.55,3.72,99.99999999858277,21.725249931428003,True,1,9.999997295675175e-13,Rezaee2025_Table5
held_2014_s2_no_born_no_kij_pH_stoich,26,30.0,10.0,30.0,15.0,1.0,False,0.1440922190201729,0.6524641461164746,0.0001,4.5110784852457965e-10,9.962234684008738e-11,4.528179297449122,31.65,8.22,3.85,99.9999999985747,17.61504668699018,True,1,9.999997295675175e-13,Rezaee2025_Table5
held_2014_s2_no_born_table9_kij_inverseK_diagnostic,1,25.0,9.5,20.0,10.0,1.0,True,0.1440922190201729,0.43497609741098314,3.1622776601683795e-05,0.0207531316112246,0.0003951680649036177,52.51722862849844,29.69,8.32,3.57,99.93010060083792,1371.070829929928,False,120,4.9015258563019725e-06,Rezaee2025_Table5
held_2014_s2_no_born_table9_kij_inverseK_diagnostic,2,35.0,9.5,20.0,10.0,1.0,True,0.1440922190201729,0.43497609741098314,3.1622776601683795e-05,0.02075364046801694,0.0003949994942551463,52.5409292160038,34.01,12.93,2.63,99.93897782867387,1897.7539625856957,False,120,4.899430962495048e-06,Rezaee2025_Table5
held_2014_s2_no_born_table9_kij_inverseK_diagnostic,3,25.0,10.5,20.0,10.0,1.0,True,0.1440922190201729,0.43497609741098314,0.00031622776601683794,0.20491179920322675,0.00481945539432144,42.517625423956744,41.35,11.14,3.71,99.504445467465,1046.0276394597504,False,120,5.979945912300965e-05,Rezaee2025_Table5
held_2014_s2_no_born_table9_kij_inverseK_diagnostic,4,35.0,10.5,20.0,10.0,1.0,True,0.1440922190201729,0.43497609741098314,0.00031622776601683794,0.20491199238715802,0.004819391397647149,42.51823010000746,39.24,14.21,2.76,99.47779818453832,1440.5155833336037,False,120,5.979866381122588e-05,Rezaee2025_Table5
held_2014_s2_no_born_table9_kij_inverseK_diagnostic,5,25.0,9.5,40.0,10.0,1.0,True,0.1440922190201729,0.43497609741098314,3.1622776601683795e-05,0.021246933642325626,0.0002259243594770116,94.04445670006452,33.03,11.3,2.92,99.93567383093453,3120.7005719200174,False,120,1.5501514503279193e-06,Rezaee2025_Table5
held_2014_s2_no_born_table9_kij_inverseK_diagnostic,6,35.0,9.5,40.0,10.0,1.0,True,0.1440922190201729,0.43497609741098314,3.1622776601683795e-05,0.021246933643483474,0.00022592881588596935,94.04260169365564,33.22,16.54,2.01,99.93604174098891,4578.736402669435,False,120,1.5501514477612028e-06,Rezaee2025_Table5
held_2014_s2_no_born_table9_kij_inverseK_diagnostic,7,25.0,10.5,40.0,10.0,1.0,True,0.1440922190201729,0.43497609741098314,0.00031622776601683794,0.21246933738209187,0.0022610431568407885,93.9696072316292,44.53,11.93,3.73,99.52286248061512,2419.2924190785307,False,120,1.5501512377729234e-05,Rezaee2025_Table5
held_2014_s2_no_born_table9_kij_inverseK_diagnostic,8,35.0,10.5,40.0,10.0,1.0,True,0.1440922190201729,0.43497609741098314,0.00031622776601683794,0.21246933739112148,0.0022610645142903366,93.96871962222964,37.79,16.85,2.24,99.43776306591394,4095.032125992395,False,120,1.5501512357712368e-05,Rezaee2025_Table5
held_2014_s2_no_born_table9_kij_inverseK_diagnostic,9,25.0,9.5,20.0,20.0,1.0,True,0.1440922190201729,0.8699521948219663,3.1622776601683795e-05,0.02192392544065637,3.394957199727977e-06,6457.791409686413,34.95,9.61,3.63,99.93727059959755,177800.58979852378,False,120,4.939375063663451e-08,Rezaee2025_Table5
held_2014_s2_no_born_table9_kij_inverseK_diagnostic,10,35.0,9.5,20.0,20.0,1.0,True,0.1440922190201729,0.8699521948219663,3.1622776601683795e-05,0.021923925440642648,3.39494612856531e-06,6457.812469003037,30.0,12.73,2.36,99.92692024853119,273536.1215679253,False,120,4.9393750667053155e-08,Rezaee2025_Table5
held_2014_s2_no_born_table9_kij_inverseK_diagnostic,11,25.0,10.5,20.0,20.0,1.0,True,0.1440922190201729,0.8699521948219663,0.00031622776601683794,0.2192392544473464,3.397481112820621e-05,6452.99406139544,36.85,10.43,3.53,99.40504951303299,182704.36434547993,False,120,4.939374159589408e-07,Rezaee2025_Table5
held_2014_s2_no_born_table9_kij_inverseK_diagnostic,12,35.0,10.5,20.0,20.0,1.0,True,0.1440922190201729,0.8699521948219663,0.00031622776601683794,0.21923925444734527,3.397481112843598e-05,6452.994061351766,39.59,16.16,2.45,99.44622567707162,263287.5127082353,False,120,4.939374159615428e-07,Rezaee2025_Table5
held_2014_s2_no_born_table9_kij_inverseK_diagnostic,13,25.0,9.5,40.0,20.0,1.0,True,0.1440922190201729,0.8699521948219663,3.1622776601683795e-05,0.02149167013847443,7.239929694896533e-05,296.8491552290077,37.5,10.72,3.5,99.94268887963074,8381.404435114506,False,120,1.0076187610155753e-06,Rezaee2025_Table5
held_2014_s2_no_born_table9_kij_inverseK_diagnostic,14,35.0,9.5,40.0,20.0,1.0,True,0.1440922190201729,0.8699521948219663,3.1622776601683795e-05,0.021491670138477224,7.239929694748275e-05,296.84915523512507,36.32,15.01,2.42,99.94082689939847,12166.494017980374,False,120,1.007618761009375e-06,Rezaee2025_Table5
held_2014_s2_no_born_table9_kij_inverseK_diagnostic,15,25.0,10.5,40.0,20.0,1.0,True,0.1440922190201729,0.8699521948219663,0.00031622776601683794,0.21491670335297178,0.0007282860883673214,295.09928417659887,38.04,10.76,3.53,99.4350244391352,8259.753092821498,False,120,1.0076183246982343e-05,Rezaee2025_Table5
held_2014_s2_no_born_table9_kij_inverseK_diagnostic,16,35.0,10.5,40.0,20.0,1.0,True,0.1440922190201729,0.8699521948219663,0.00031622776601683794,0.21491670338567043,0.0007283604969043668,295.0691371911248,35.44,14.74,2.4,99.3935758933813,12194.547382963536,False,120,1.0076183174495892e-05,Rezaee2025_Table5
held_2014_s2_no_born_table9_kij_inverseK_diagnostic,17,20.0,10.0,30.0,15.0,1.0,True,0.1440922190201729,0.6524641461164746,0.0001,0.06914342754118104,5.468767615926198e-05,1264.3328880865383,37.63,8.49,4.43,99.81625451091901,28440.2457807345,False,120,5.687706912413062e-07,Rezaee2025_Table5
held_2014_s2_no_born_table9_kij_inverseK_diagnostic,18,40.0,10.0,30.0,15.0,1.0,True,0.1440922190201729,0.6524641461164746,0.0001,0.06914342754088763,5.468733294201221e-05,1264.3408230239343,31.51,13.65,2.31,99.78056671678551,54633.36896207508,False,120,5.687706918917326e-07,Rezaee2025_Table5
held_2014_s2_no_born_table9_kij_inverseK_diagnostic,19,30.0,9.0,30.0,15.0,1.0,True,0.1440922190201729,0.6524641461164746,1e-05,0.006914342751587372,5.465592907194591e-06,1265.0672797979025,33.64,11.07,3.04,99.97944606792038,41514.05525650995,False,120,5.687707473426903e-08,Rezaee2025_Table5
held_2014_s2_no_born_table9_kij_inverseK_diagnostic,20,30.0,11.0,30.0,15.0,1.0,True,0.1440922190201729,0.6524641461164746,0.001,0.6914342779029908,0.0005499988797701347,1257.1557931026466,39.9,11.32,3.52,98.26708201026818,35614.65321314337,False,120,5.687701389956194e-06,Rezaee2025_Table5
held_2014_s2_no_born_table9_kij_inverseK_diagnostic,21,30.0,10.0,10.0,15.0,1.0,True,0.1440922190201729,0.6524641461164746,0.0001,0.029481130936922364,0.008815758180485304,3.3441401559972737,38.01,9.79,3.88,99.92243848740615,13.810820721719749,False,120,3.8201172245930676e-05,Rezaee2025_Table5
held_2014_s2_no_born_table9_kij_inverseK_diagnostic,22,30.0,10.0,50.0,15.0,1.0,True,0.1440922190201729,0.6524641461164746,0.0001,0.04007901839994456,0.006142196275622562,6.525193367560078,38.91,11.58,3.36,99.89699558365473,94.20218355833566,False,120,6.499885080925614e-05,Rezaee2025_Table5
held_2014_s2_no_born_table9_kij_inverseK_diagnostic,23,30.0,10.0,30.0,5.0,1.0,True,0.1440922190201729,0.21748804870549157,0.0001,0.06932954493993036,4.565381101537021e-05,1518.59271762853,36.47,11.76,3.1,99.80989979451623,48886.861858984834,False,120,1.561850145635822e-07,Rezaee2025_Table5
held_2014_s2_no_born_table9_kij_inverseK_diagnostic,24,30.0,10.0,30.0,25.0,1.0,True,0.1440922190201729,1.087440243527458,0.0001,0.06923322437963145,2.0506609506782915e-05,3376.141938857877,30.1,7.85,3.83,99.76998928777532,88049.92007461819,False,120,3.697087571903168e-07,Rezaee2025_Table5
held_2014_s2_no_born_table9_kij_inverseK_diagnostic,25,30.0,10.0,30.0,15.0,1.0,True,0.1440922190201729,0.6524641461164746,0.0001,0.06914342754088405,5.468726428677317e-05,1264.3424102969307,31.83,8.55,3.72,99.78277276927149,33887.69920153039,False,120,5.68770691899688e-07,Rezaee2025_Table5
held_2014_s2_no_born_table9_kij_inverseK_diagnostic,26,30.0,10.0,30.0,15.0,1.0,True,0.1440922190201729,0.6524641461164746,0.0001,0.06914342754088644,5.468733294254391e-05,1264.34082301162,31.65,8.22,3.85,99.78153735374127,32740.021376925197,False,120,5.687706918944025e-07,Rezaee2025_Table5
held_2014_s2_no_born_table9_kij_ohx1000,1,25.0,9.5,20.0,10.0,1000.0,False,0.1440922190201729,0.43497609741098314,0.0316227766016838,4.570869304923154e-10,1.4945013494473507e-10,3.0584577970527818,29.69,8.32,3.57,99.99999999846045,14.328913247821236,True,1,9.997932441198384e-13,Rezaee2025_Table5
held_2014_s2_no_born_table9_kij_ohx1000,2,35.0,9.5,20.0,10.0,1000.0,False,0.1440922190201729,0.43497609741098314,0.0316227766016838,4.570869304922896e-10,1.4945013494473502e-10,3.0584577970526103,34.01,12.93,2.63,99.99999999865604,16.291170990593553,True,1,9.997932441198392e-13,Rezaee2025_Table5
held_2014_s2_no_born_table9_kij_ohx1000,3,25.0,10.5,20.0,10.0,1000.0,False,0.1440922190201729,0.43497609741098314,0.31622776601683794,5.107102511447397e-10,1.4959707101609115e-10,3.413905417237788,41.35,11.14,3.71,99.9999999987649,7.980986058280644,True,1,9.979671390087708e-13,Rezaee2025_Table5
held_2014_s2_no_born_table9_kij_ohx1000,4,35.0,10.5,20.0,10.0,1000.0,False,0.1440922190201729,0.43497609741098314,0.31622776601683794,5.107102511447397e-10,1.4959707101609115e-10,3.413905417237788,39.24,14.21,2.76,99.9999999986985,23.692225262238708,True,1,9.979671390087708e-13,Rezaee2025_Table5
held_2014_s2_no_born_table9_kij_ohx1000,5,25.0,9.5,40.0,10.0,1000.0,False,0.1440922190201729,0.43497609741098314,0.0316227766016838,4.696327044224259e-10,1.496049749578637e-10,3.139151652909258,33.03,11.3,2.92,99.99999999857816,7.5051935927828035,True,1,9.978689097017314e-13,Rezaee2025_Table5
held_2014_s2_no_born_table9_kij_ohx1000,6,35.0,9.5,40.0,10.0,1000.0,False,0.1440922190201729,0.43497609741098314,0.0316227766016838,4.696327044224259e-10,1.496049749578637e-10,3.139151652909258,33.22,16.54,2.01,99.99999999858629,56.17669914971433,True,1,9.978689097017314e-13,Rezaee2025_Table5
held_2014_s2_no_born_table9_kij_ohx1000,7,25.0,10.5,40.0,10.0,1000.0,False,0.1440922190201729,0.43497609741098314,0.31622776601683794,6.356251362744174e-10,1.5111948586740258e-10,4.206109706011948,44.53,11.93,3.73,99.9999999985726,12.764335281821666,True,1,9.790467369898007e-13,Rezaee2025_Table5
held_2014_s2_no_born_table9_kij_ohx1000,8,35.0,10.5,40.0,10.0,1000.0,False,0.1440922190201729,0.43497609741098314,0.31622776601683794,6.356251362785366e-10,1.5111948586744024e-10,4.206109706038158,37.79,16.85,2.24,99.99999999831802,87.77275473384634,True,1,9.790467369893322e-13,Rezaee2025_Table5
held_2014_s2_no_born_table9_kij_ohx1000,9,25.0,9.5,20.0,20.0,1000.0,False,0.1440922190201729,0.8699521948219663,0.0316227766016838,4.576931817353493e-10,7.473352188525676e-11,6.124335775825946,34.95,9.61,3.63,99.99999999869043,68.71448418253296,True,1,9.995831031184413e-13,Rezaee2025_Table5
held_2014_s2_no_born_table9_kij_ohx1000,10,35.0,9.5,20.0,20.0,1000.0,False,0.1440922190201729,0.8699521948219663,0.0316227766016838,4.576931817353493e-10,7.473352188525676e-11,6.124335775825946,30.0,12.73,2.36,99.99999999847435,159.50575321296384,True,1,9.995831031184413e-13,Rezaee2025_Table5
held_2014_s2_no_born_table9_kij_ohx1000,11,25.0,10.5,20.0,20.0,1000.0,False,0.1440922190201729,0.8699521948219663,0.31622776601683794,5.185537918866046e-10,7.488622088255216e-11,6.924555489318638,36.85,10.43,3.53,99.9999999985928,96.16304502319089,True,1,9.957876508943198e-13,Rezaee2025_Table5
held_2014_s2_no_born_table9_kij_ohx1000,12,35.0,10.5,20.0,20.0,1000.0,False,0.1440922190201729,0.8699521948219663,0.31622776601683794,5.185537918866046e-10,7.488622088255216e-11,6.924555489318638,39.59,16.16,2.45,99.9999999986902,182.63491793137294,True,1,9.957876508943198e-13,Rezaee2025_Table5
held_2014_s2_no_born_table9_kij_ohx1000,13,25.0,9.5,40.0,20.0,1000.0,False,0.1440922190201729,0.8699521948219663,0.0316227766016838,4.715093714560873e-10,7.488962946140013e-11,6.296056942024453,37.5,10.72,3.5,99.99999999874264,79.88734120069866,True,1,9.957029280186048e-13,Rezaee2025_Table5
held_2014_s2_no_born_table9_kij_ohx1000,14,35.0,9.5,40.0,20.0,1000.0,False,0.1440922190201729,0.8699521948219663,0.0316227766016838,4.715093714562024e-10,7.488962946140112e-11,6.296056942025906,36.32,15.01,2.42,99.9999999987018,160.1676422324755,True,1,9.957029280185803e-13,Rezaee2025_Table5
held_2014_s2_no_born_table9_kij_ohx1000,15,25.0,10.5,40.0,20.0,1000.0,False,0.1440922190201729,0.8699521948219663,0.31622776601683794,6.599050276874594e-10,7.646354044976007e-11,8.630322684587776,38.04,10.76,3.53,99.99999999826524,144.4850618863393,True,1,9.565821474820866e-13,Rezaee2025_Table5
held_2014_s2_no_born_table9_kij_ohx1000,16,35.0,10.5,40.0,20.0,1000.0,False,0.1440922190201729,0.8699521948219663,0.31622776601683794,6.599050276836216e-10,7.646354044972797e-11,8.630322684541209,35.44,14.74,2.4,99.99999999813797,259.5967785225504,True,1,9.565821474828847e-13,Rezaee2025_Table5
held_2014_s2_no_born_table9_kij_ohx1000,17,20.0,10.0,30.0,15.0,1000.0,False,0.1440922190201729,0.6524641461164746,0.1,4.876784243973373e-10,9.980262541253023e-11,4.8864288126844135,37.63,8.49,4.43,99.999999998704,10.303133469174128,True,1,9.966390065723172e-13,Rezaee2025_Table5
held_2014_s2_no_born_table9_kij_ohx1000,18,40.0,10.0,30.0,15.0,1000.0,False,0.1440922190201729,0.6524641461164746,0.1,4.876784243981106e-10,9.980262541253403e-11,4.8864288126919755,31.51,13.65,2.31,99.99999999845231,111.53371483515043,True,1,9.966390065722461e-13,Rezaee2025_Table5
held_2014_s2_no_born_table9_kij_ohx1000,19,30.0,9.0,30.0,15.0,1000.0,False,0.1440922190201729,0.6524641461164746,0.01,4.547474349995984e-10,9.964038185329584e-11,4.56388691553932,33.64,11.07,3.04,99.99999999864819,50.12785906379342,True,1,9.996635238677105e-13,Rezaee2025_Table5
held_2014_s2_no_born_table9_kij_ohx1000,20,30.0,11.0,30.0,15.0,1000.0,False,0.1440922190201729,0.6524641461164746,1.0,8.408643776912263e-10,1.0146930838548925e-10,8.286883896919074,39.9,11.32,3.52,99.99999999789257,135.42283798065552,True,1,9.655689813495005e-13,Rezaee2025_Table5
held_2014_s2_no_born_table9_kij_ohx1000,21,30.0,10.0,10.0,15.0,1000.0,False,0.1440922190201729,0.6524641461164746,0.1,4.6052119923002637e-10,9.963525502995331e-11,4.622070762920013,38.01,9.79,3.88,99.99999999878841,19.125535126804472,True,1,9.997590972509812e-13,Rezaee2025_Table5
held_2014_s2_no_born_table9_kij_ohx1000,22,30.0,10.0,50.0,15.0,1000.0,False,0.1440922190201729,0.6524641461164746,0.1,5.415151034576036e-10,1.0100368130739666e-10,5.361340264515166,38.91,11.58,3.36,99.9999999986083,59.563698348665675,True,1,9.742491234613971e-13,Rezaee2025_Table5
held_2014_s2_no_born_table9_kij_ohx1000,23,30.0,10.0,30.0,5.0,1000.0,False,0.1440922190201729,0.21748804870549157,0.1,4.862829024813168e-10,2.990561429883562e-10,1.6260588985802922,36.47,11.76,3.1,99.99999999866662,47.54648714257122,True,1,9.988246573734838e-13,Rezaee2025_Table5
held_2014_s2_no_born_table9_kij_ohx1000,24,30.0,10.0,30.0,25.0,1000.0,False,0.1440922190201729,1.087440243527458,0.1,4.933779726746265e-10,5.99638913553263e-11,8.227917860617666,30.1,7.85,3.83,99.99999999836086,114.82814257487378,True,1,9.940814680488556e-13,Rezaee2025_Table5
held_2014_s2_no_born_table9_kij_ohx1000,25,30.0,10.0,30.0,15.0,1000.0,False,0.1440922190201729,0.6524641461164746,0.1,4.87678424397329e-10,9.980262541253021e-11,4.88642881268433,31.83,8.55,3.72,99.99999999846787,31.355613244202413,True,1,9.966390065723176e-13,Rezaee2025_Table5
held_2014_s2_no_born_table9_kij_ohx1000,26,30.0,10.0,30.0,15.0,1000.0,False,0.1440922190201729,0.6524641461164746,0.1,4.87678424397329e-10,9.980262541253021e-11,4.88642881268433,31.65,8.22,3.85,99.99999999845915,26.920228900891686,True,1,9.966390065723176e-13,Rezaee2025_Table5
held_2014_s2_no_born_table9_kij_ohx100000,1,25.0,9.5,20.0,10.0,100000.0,False,0.1440922190201729,0.43497609741098314,3.1622776601683795,1.8025050248045472e-09,6.705025110477045e-11,26.882897455343066,29.69,8.32,3.57,99.99999999392891,653.0223376846798,True,3,9.303413528420244e-13,Rezaee2025_Table5
held_2014_s2_no_born_table9_kij_ohx100000,2,35.0,9.5,20.0,10.0,100000.0,False,0.1440922190201729,0.43497609741098314,3.1622776601683795,1.8025050248074157e-09,6.705025110477743e-11,26.88289745538305,34.01,12.93,2.63,99.99999999470008,922.1634013453631,True,3,9.303413528356654e-13,Rezaee2025_Table5
held_2014_s2_no_born_table9_kij_ohx100000,3,25.0,10.5,20.0,10.0,100000.0,False,0.1440922190201729,0.43497609741098314,31.622776601683793,6.818145271643114e-07,6.164016449423947e-10,1106.1205510378381,41.35,11.14,3.71,99.99999835111359,29714.570108836608,True,17,9.97159977617383e-13,Rezaee2025_Table5
held_2014_s2_no_born_table9_kij_ohx100000,4,35.0,10.5,20.0,10.0,100000.0,False,0.1440922190201729,0.43497609741098314,31.622776601683793,6.818145271694179e-07,6.164016449470563e-10,1106.1205510377572,39.24,14.21,2.76,99.99999826245023,39976.831559339036,True,17,9.971599656956424e-13,Rezaee2025_Table5
held_2014_s2_no_born_table9_kij_ohx100000,5,25.0,9.5,40.0,10.0,100000.0,False,0.1440922190201729,0.43497609741098314,3.1622776601683795,6.575630020444163e-09,6.416806696636477e-11,102.47511466865501,33.03,11.3,2.92,99.99999998009193,3409.421735227911,True,7,6.721218723356016e-13,Rezaee2025_Table5
held_2014_s2_no_born_table9_kij_ohx100000,6,35.0,9.5,40.0,10.0,100000.0,False,0.1440922190201729,0.43497609741098314,3.1622776601683795,6.575630020418844e-09,6.416806696616048e-11,102.47511466858668,33.22,16.54,2.01,99.9999999802058,4998.264411372473,True,7,6.721218719672736e-13,Rezaee2025_Table5
held_2014_s2_no_born_table9_kij_ohx100000,7,25.0,10.5,40.0,10.0,100000.0,False,0.1440922190201729,0.43497609741098314,31.622776601683793,2.1115849556902044e-06,6.354943638076475e-09,332.274379750336,44.53,11.93,3.73,99.99999525806209,8808.160315022411,True,20,8.482790322307799e-13,Rezaee2025_Table5
held_2014_s2_no_born_table9_kij_ohx100000,8,35.0,10.5,40.0,10.0,100000.0,False,0.1440922190201729,0.43497609741098314,31.622776601683793,2.111584955704097e-06,6.354943638118269e-09,332.27437975033683,37.79,16.85,2.24,99.9999944123182,14733.677667425749,True,20,8.482790014340185e-13,Rezaee2025_Table5
held_2014_s2_no_born_table9_kij_ohx100000,9,25.0,9.5,20.0,20.0,100000.0,False,0.1440922190201729,0.8699521948219663,3.1622776601683795,2.3991693768940723e-09,2.5583149767865406e-11,93.77928045074542,34.95,9.61,3.63,99.99999999313543,2483.451252086651,True,4,8.213795016766018e-13,Rezaee2025_Table5
held_2014_s2_no_born_table9_kij_ohx100000,10,35.0,9.5,20.0,20.0,100000.0,False,0.1440922190201729,0.8699521948219663,3.1622776601683795,2.39916937687826e-09,2.5583149767830303e-11,93.77928045025601,30.0,12.73,2.36,99.99999999200277,3873.6983241633907,True,4,8.213795014789674e-13,Rezaee2025_Table5
held_2014_s2_no_born_table9_kij_ohx100000,11,25.0,10.5,20.0,20.0,100000.0,False,0.1440922190201729,0.8699521948219663,31.622776601683793,8.635679115954424e-07,7.207021338728675e-10,1198.231378828936,36.85,10.43,3.53,99.99999765653212,33844.23169487071,True,18,8.209207783169516e-13,Rezaee2025_Table5
held_2014_s2_no_born_table9_kij_ohx100000,12,35.0,10.5,20.0,20.0,100000.0,False,0.1440922190201729,0.8699521948219663,31.622776601683793,8.635679116055779e-07,7.207021338813171e-10,1198.231378828951,39.59,16.16,2.45,99.99999781872212,48807.403217508196,True,18,8.209207818717603e-13,Rezaee2025_Table5
held_2014_s2_no_born_table9_kij_ohx100000,13,25.0,9.5,40.0,20.0,100000.0,False,0.1440922190201729,0.8699521948219663,3.1622776601683795,8.187382321834104e-09,6.605900521453613e-11,123.9404422643726,37.5,10.72,3.5,99.99999997816697,3441.155493267789,True,7,8.563044833783178e-13,Rezaee2025_Table5
held_2014_s2_no_born_table9_kij_ohx100000,14,35.0,9.5,40.0,20.0,100000.0,False,0.1440922190201729,0.8699521948219663,3.1622776601683795,8.187382321853308e-09,6.605900521467869e-11,123.94044226439584,36.32,15.01,2.42,99.99999997745763,5021.5058786940435,True,7,8.563044828909065e-13,Rezaee2025_Table5
held_2014_s2_no_born_table9_kij_ohx100000,15,25.0,10.5,40.0,20.0,100000.0,False,0.1440922190201729,0.8699521948219663,31.622776601683793,2.6740289769780137e-06,7.430294699419084e-09,359.8819542362263,38.04,10.76,3.53,99.99999297048113,10094.956210657969,True,21,6.98251402104296e-13,Rezaee2025_Table5
held_2014_s2_no_born_table9_kij_ohx100000,16,35.0,10.5,40.0,20.0,100000.0,False,0.1440922190201729,0.8699521948219663,31.622776601683793,2.674028976957835e-06,7.430294699363093e-09,359.88195423622244,35.44,14.74,2.4,99.99999245477152,14895.081426509269,True,21,6.98251397501863e-13,Rezaee2025_Table5
held_2014_s2_no_born_table9_kij_ohx100000,17,20.0,10.0,30.0,15.0,100000.0,False,0.1440922190201729,0.6524641461164746,10.0,3.975949704785481e-08,1.3226609121185163e-10,300.6023439837782,37.63,8.49,4.43,99.99999989434095,6685.605959001766,True,11,7.645124966082523e-13,Rezaee2025_Table5
held_2014_s2_no_born_table9_kij_ohx100000,18,40.0,10.0,30.0,15.0,100000.0,False,0.1440922190201729,0.6524641461164746,10.0,3.975949704783134e-08,1.3226609121177374e-10,300.60234398377776,31.51,13.65,2.31,99.99999987381942,12913.088484146223,True,11,7.645124968892029e-13,Rezaee2025_Table5
held_2014_s2_no_born_table9_kij_ohx100000,19,30.0,9.0,30.0,15.0,100000.0,False,0.1440922190201729,0.6524641461164746,1.0,8.407841403465061e-10,1.0146921732300934e-10,8.286100578365733,33.64,11.07,3.04,99.99999999750065,172.56909797255702,True,1,9.655706789210208e-13,Rezaee2025_Table5
held_2014_s2_no_born_table9_kij_ohx100000,20,30.0,11.0,30.0,15.0,100000.0,False,0.1440922190201729,0.6524641461164746,100.0,4.383352805901944e-05,1.3573735077969925e-08,3229.2900817079408,39.9,11.32,3.52,99.99989014153368,91641.1955030665,True,27,8.633443938758027e-13,Rezaee2025_Table5
held_2014_s2_no_born_table9_kij_ohx100000,21,30.0,10.0,10.0,15.0,100000.0,False,0.1440922190201729,0.6524641461164746,10.0,1.0022321907299082e-08,1.4049076230210015e-11,713.3794238903679,38.01,9.79,3.88,99.99999997363241,18286.06762604041,True,8,6.806148120410523e-13,Rezaee2025_Table5
held_2014_s2_no_born_table9_kij_ohx100000,22,30.0,10.0,50.0,15.0,100000.0,False,0.1440922190201729,0.6524641461164746,10.0,9.876664525524309e-08,1.008786166072451e-09,97.90642316178399,38.91,11.58,3.36,99.99999974616642,2813.881641719762,True,13,8.067841184488773e-13,Rezaee2025_Table5
held_2014_s2_no_born_table9_kij_ohx100000,23,30.0,10.0,30.0,5.0,100000.0,False,0.1440922190201729,0.21748804870549157,10.0,3.080845318641083e-08,1.1650218797553565e-10,264.4452754216111,36.47,11.76,3.1,99.99999991552386,8430.49275553584,True,10,9.110080761225498e-13,Rezaee2025_Table5
held_2014_s2_no_born_table9_kij_ohx100000,24,30.0,10.0,30.0,25.0,100000.0,False,0.1440922190201729,1.087440243527458,10.0,5.155555040204263e-08,1.5650217082891547e-10,329.42386759862876,30.1,7.85,3.83,99.9999998287191,8501.145368110412,True,11,9.953614791029467e-13,Rezaee2025_Table5
held_2014_s2_no_born_table9_kij_ohx100000,25,30.0,10.0,30.0,15.0,100000.0,False,0.1440922190201729,0.6524641461164746,10.0,3.9759497048450055e-08,1.3226609121382495e-10,300.6023439837938,31.83,8.55,3.72,99.99999987508797,7980.708171607359,True,11,7.645124991262353e-13,Rezaee2025_Table5
held_2014_s2_no_born_table9_kij_ohx100000,26,30.0,10.0,30.0,15.0,100000.0,False,0.1440922190201729,0.6524641461164746,10.0,3.975949704860689e-08,1.3226609121433865e-10,300.60234398381203,31.65,8.22,3.85,99.99999987437756,7707.853090488624,True,11,7.645125002142363e-13,Rezaee2025_Table5
held_2014_s2_no_born_table9_kij_ohx1e+06,1,25.0,9.5,20.0,10.0,1000000.0,False,0.1440922190201729,0.43497609741098314,31.622776601683796,6.817872213081056e-07,6.163931044624698e-10,1106.0915775536835,29.69,8.32,3.57,99.99999770364695,30882.95735444492,True,17,9.97119953337179e-13,Rezaee2025_Table5
held_2014_s2_no_born_table9_kij_ohx1e+06,2,35.0,9.5,20.0,10.0,1000000.0,False,0.1440922190201729,0.43497609741098314,31.622776601683796,6.817872213052506e-07,6.1639310445989e-10,1106.091577553681,34.01,12.93,2.63,99.99999799533308,41956.713975425126,True,17,9.97119959665938e-13,Rezaee2025_Table5
held_2014_s2_no_born_table9_kij_ohx1e+06,3,25.0,10.5,20.0,10.0,1000000.0,False,0.1440922190201729,0.43497609741098314,316.22776601683796,3.432754966762319e-08,1.0822638720268932e-10,317.1828105407752,41.35,11.14,3.71,99.99999991698294,8449.401901368605,True,11,6.582091886028287e-13,Rezaee2025_Table5
held_2014_s2_no_born_table9_kij_ohx1e+06,4,35.0,10.5,20.0,10.0,1000000.0,False,0.1440922190201729,0.43497609741098314,316.22776601683796,3.4327549667623177e-08,1.0822638720268932e-10,317.1828105407751,39.24,14.21,2.76,99.99999991251899,11392.130816694751,True,11,6.582091886028545e-13,Rezaee2025_Table5
held_2014_s2_no_born_table9_kij_ohx1e+06,5,25.0,9.5,40.0,10.0,1000000.0,False,0.1440922190201729,0.43497609741098314,31.622776601683796,5.375505526439082e-08,5.56656023259634e-10,96.56781390707872,33.03,11.3,2.92,99.99999983725385,3207.116914625983,True,12,6.728847001475457e-13,Rezaee2025_Table5
held_2014_s2_no_born_table9_kij_ohx1e+06,6,35.0,9.5,40.0,10.0,1000000.0,False,0.1440922190201729,0.43497609741098314,31.622776601683796,5.375505526439082e-08,5.56656023259634e-10,96.56781390707872,33.22,16.54,2.01,99.99999983818468,4704.368851098444,True,12,6.728847001475457e-13,Rezaee2025_Table5
held_2014_s2_no_born_table9_kij_ohx1e+06,7,25.0,10.5,40.0,10.0,1000000.0,False,0.1440922190201729,0.43497609741098314,316.22776601683796,1.0678726718658882e-07,1.1012148053465893e-09,96.97224071826685,44.53,11.93,3.73,99.99999976019028,2499.791976361041,True,13,8.727649034212925e-13,Rezaee2025_Table5
held_2014_s2_no_born_table9_kij_ohx1e+06,8,35.0,10.5,40.0,10.0,1000000.0,False,0.1440922190201729,0.43497609741098314,316.22776601683796,1.0678726718658882e-07,1.1012148053465893e-09,96.97224071826685,37.79,16.85,2.24,99.99999971741924,4229.117889208342,True,13,8.727649034212925e-13,Rezaee2025_Table5
held_2014_s2_no_born_table9_kij_ohx1e+06,9,25.0,9.5,20.0,20.0,1000000.0,False,0.1440922190201729,0.8699521948219663,31.622776601683796,1.7593324114405876e-08,5.692054632513752e-11,309.08565096881773,34.95,9.61,3.63,99.99999994966146,8414.7562250363,True,9,7.923302655862257e-13,Rezaee2025_Table5
held_2014_s2_no_born_table9_kij_ohx1e+06,10,35.0,9.5,20.0,20.0,1000000.0,False,0.1440922190201729,0.8699521948219663,31.622776601683796,1.7593324114405876e-08,5.692054632513752e-11,309.08565096881773,30.0,12.73,2.36,99.9999999413556,12996.849617322785,True,9,7.923302655862257e-13,Rezaee2025_Table5
held_2014_s2_no_born_table9_kij_ohx1e+06,11,25.0,10.5,20.0,20.0,1000000.0,False,0.1440922190201729,0.8699521948219663,316.22776601683796,3.527021302450242e-08,1.101346652973419e-10,320.2462451697637,36.85,10.43,3.53,99.99999990428708,8972.131591211439,True,11,6.766571277580395e-13,Rezaee2025_Table5
held_2014_s2_no_born_table9_kij_ohx1e+06,12,35.0,10.5,20.0,20.0,1000000.0,False,0.1440922190201729,0.8699521948219663,316.22776601683796,3.527021302450242e-08,1.101346652973419e-10,320.2462451697637,39.59,16.16,2.45,99.99999991091131,12971.27531305158,True,11,6.766571277580395e-13,Rezaee2025_Table5
held_2014_s2_no_born_table9_kij_ohx1e+06,13,25.0,9.5,40.0,20.0,1000000.0,False,0.1440922190201729,0.8699521948219663,31.622776601683796,5.525489367083034e-08,5.714344478286054e-10,96.6950695408607,37.5,10.72,3.5,99.99999985265362,2662.7162725960197,True,12,6.919046439661817e-13,Rezaee2025_Table5
held_2014_s2_no_born_table9_kij_ohx1e+06,14,35.0,9.5,40.0,20.0,1000000.0,False,0.1440922190201729,0.8699521948219663,31.622776601683796,5.525489367083034e-08,5.714344478286054e-10,96.6950695408607,36.32,15.01,2.42,99.99999984786648,3895.6640306140785,True,12,6.919046439661817e-13,Rezaee2025_Table5
held_2014_s2_no_born_table9_kij_ohx1e+06,15,25.0,10.5,40.0,20.0,1000000.0,False,0.1440922190201729,0.8699521948219663,316.22776601683796,1.0972018366072538e-07,1.1309801156964366e-09,97.01336224922197,38.04,10.76,3.53,99.99999971156629,2648.2538880799425,True,13,8.968922254288769e-13,Rezaee2025_Table5
held_2014_s2_no_born_table9_kij_ohx1e+06,16,35.0,10.5,40.0,20.0,1000000.0,False,0.1440922190201729,0.8699521948219663,316.22776601683796,1.0972018366072538e-07,1.1309801156964366e-09,97.01336224922197,35.44,14.74,2.4,99.9999996904058,3942.2234270509157,True,13,8.968922254288769e-13,Rezaee2025_Table5
held_2014_s2_no_born_table9_kij_ohx1e+06,17,20.0,10.0,30.0,15.0,1000000.0,False,0.1440922190201729,0.6524641461164746,100.0,5.225447215878659e-08,3.0175187119014697e-10,173.17033346864906,37.63,8.49,4.43,99.99999986113615,3809.0368728814683,True,12,6.538553121236162e-13,Rezaee2025_Table5
held_2014_s2_no_born_table9_kij_ohx1e+06,18,40.0,10.0,30.0,15.0,1000000.0,False,0.1440922190201729,0.6524641461164746,100.0,5.225447215878659e-08,3.0175187119014697e-10,173.17033346864906,31.51,13.65,2.31,99.99999983416544,7396.55123240905,True,12,6.538553121236162e-13,Rezaee2025_Table5
held_2014_s2_no_born_table9_kij_ohx1e+06,19,30.0,9.0,30.0,15.0,1000000.0,False,0.1440922190201729,0.6524641461164746,10.0,1.511792934392869e-08,9.038858041955472e-11,167.25485978157997,33.64,11.07,3.04,99.99999995505968,5401.804598078289,True,9,6.76270583095957e-13,Rezaee2025_Table5
held_2014_s2_no_born_table9_kij_ohx1e+06,20,30.0,11.0,30.0,15.0,1000000.0,False,0.1440922190201729,0.6524641461164746,1000.0,7.04899944196866e-08,4.061213063604619e-10,173.56881630121038,39.9,11.32,3.52,99.99999982333335,4830.932281284385,True,12,8.851059662558279e-13,Rezaee2025_Table5
held_2014_s2_no_born_table9_kij_ohx1e+06,21,30.0,10.0,10.0,15.0,1000000.0,False,0.1440922190201729,0.6524641461164746,100.0,1.3125554024770075e-08,2.5881863667055957e-11,507.13326496179235,38.01,9.79,3.88,99.99999996546815,12970.444973242073,True,8,9.070334286549193e-13,Rezaee2025_Table5
held_2014_s2_no_born_table9_kij_ohx1e+06,22,30.0,10.0,50.0,15.0,1000000.0,False,0.1440922190201729,0.6524641461164746,100.0,1.2958197972119533e-07,2.3132328283018245e-09,56.01769875292804,38.91,11.58,3.36,99.99999966696998,1567.1934152657157,True,14,6.882900833385062e-13,Rezaee2025_Table5
held_2014_s2_no_born_table9_kij_ohx1e+06,23,30.0,10.0,30.0,5.0,1000000.0,False,0.1440922190201729,0.21748804870549157,100.0,5.069731871893557e-08,2.9594358145217356e-10,171.3073771364377,36.47,11.76,3.1,99.99999986098899,5426.044423756055,True,11,9.785658684718773e-13,Rezaee2025_Table5
held_2014_s2_no_born_table9_kij_ohx1e+06,24,30.0,10.0,30.0,25.0,1000000.0,False,0.1440922190201729,1.087440243527458,100.0,5.3734550345182066e-08,3.0990592089394375e-10,173.38987970988507,30.1,7.85,3.83,99.9999998214799,4427.150906263318,True,12,6.726246702330679e-13,Rezaee2025_Table5
held_2014_s2_no_born_table9_kij_ohx1e+06,25,30.0,10.0,30.0,15.0,1000000.0,False,0.1440922190201729,0.6524641461164746,100.0,5.2254472158784575e-08,3.0175187119010406e-10,173.17033346866702,31.83,8.55,3.72,99.99999983583264,4555.116491093199,True,12,6.538553121254386e-13,Rezaee2025_Table5
held_2014_s2_no_born_table9_kij_ohx1e+06,26,30.0,10.0,30.0,15.0,1000000.0,False,0.1440922190201729,0.6524641461164746,100.0,5.2254472158784575e-08,3.0175187119010406e-10,173.17033346866702,31.65,8.22,3.85,99.99999983489899,4397.9307394458965,True,12,6.538553121254386e-13,Rezaee2025_Table5
held_2014_s2_no_born_table9_kij_ohx1e+07,1,25.0,9.5,20.0,10.0,10000000.0,False,0.1440922190201729,0.43497609741098314,316.22776601683796,3.432757669554994e-08,1.0822647115031541e-10,317.18281424765735,29.69,8.32,3.57,99.99999988438,8784.672668001607,True,11,6.582097175464828e-13,Rezaee2025_Table5
held_2014_s2_no_born_table9_kij_ohx1e+07,2,35.0,9.5,20.0,10.0,10000000.0,False,0.1440922190201729,0.43497609741098314,316.22776601683796,3.432757669554994e-08,1.0822647115031541e-10,317.18281424765735,34.01,12.93,2.63,99.99999989906622,11960.183051241725,True,11,6.582097175464828e-13,Rezaee2025_Table5
held_2014_s2_no_born_table9_kij_ohx1e+07,3,25.0,10.5,20.0,10.0,10000000.0,False,0.1440922190201729,0.43497609741098314,3162.2776601683795,3.831239615106263e-08,1.2047677667951045e-10,318.00648396313244,41.35,11.14,3.71,99.9999999073461,8471.603341324324,True,11,7.361927073275518e-13,Rezaee2025_Table5
held_2014_s2_no_born_table9_kij_ohx1e+07,4,35.0,10.5,20.0,10.0,10000000.0,False,0.1440922190201729,0.43497609741098314,3162.2776601683795,3.831239615106263e-08,1.2047677667951045e-10,318.00648396313244,39.24,14.21,2.76,99.99999990236392,11421.974056635234,True,11,7.361927073275518e-13,Rezaee2025_Table5
held_2014_s2_no_born_table9_kij_ohx1e+07,5,25.0,9.5,40.0,10.0,10000000.0,False,0.1440922190201729,0.43497609741098314,316.22776601683796,1.0678735127879115e-07,1.1012156750292552e-09,96.97224049771559,33.03,11.3,2.92,99.99999967669588,3220.9671403327256,True,13,8.727655951829779e-13,Rezaee2025_Table5
held_2014_s2_no_born_table9_kij_ohx1e+07,6,35.0,9.5,40.0,10.0,10000000.0,False,0.1440922190201729,0.43497609741098314,316.22776601683796,1.0678735127879115e-07,1.1012156750292552e-09,96.97224049771559,33.22,16.54,2.01,99.99999967854498,4724.489577000775,True,13,8.727655951829779e-13,Rezaee2025_Table5
held_2014_s2_no_born_table9_kij_ohx1e+07,7,25.0,10.5,40.0,10.0,10000000.0,False,0.1440922190201729,0.43497609741098314,3162.2776601683795,1.1918535380537604e-07,1.2281267114342189e-09,97.04646328080445,44.53,11.93,3.73,99.99999973234819,2501.781857394221,True,13,9.74756432568676e-13,Rezaee2025_Table5
held_2014_s2_no_born_table9_kij_ohx1e+07,8,35.0,10.5,40.0,10.0,10000000.0,False,0.1440922190201729,0.43497609741098314,3162.2776601683795,1.1918535380537604e-07,1.2281267114342189e-09,97.04646328080445,37.79,16.85,2.24,99.99999968461141,4232.431396464484,True,13,9.74756432568676e-13,Rezaee2025_Table5
held_2014_s2_no_born_table9_kij_ohx1e+07,9,25.0,9.5,20.0,20.0,10000000.0,False,0.1440922190201729,0.8699521948219663,316.22776601683796,3.5270240806109266e-08,1.101347515814361e-10,320.24624652673464,34.95,9.61,3.63,99.99999989908372,8722.210648119411,True,11,6.766576714454384e-13,Rezaee2025_Table5
held_2014_s2_no_born_table9_kij_ohx1e+07,10,35.0,9.5,20.0,20.0,10000000.0,False,0.1440922190201729,0.8699521948219663,316.22776601683796,3.5270240806109266e-08,1.101347515814361e-10,320.24624652673464,30.0,12.73,2.36,99.99999988243253,13469.756208759942,True,11,6.766576714454384e-13,Rezaee2025_Table5
held_2014_s2_no_born_table9_kij_ohx1e+07,11,25.0,10.5,20.0,20.0,10000000.0,False,0.1440922190201729,0.8699521948219663,3162.2776601683795,3.9347431709039657e-08,1.226713931297604e-10,320.7547473388388,36.85,10.43,3.53,99.99999989322271,8986.536751808466,True,11,7.564483721091346e-13,Rezaee2025_Table5
held_2014_s2_no_born_table9_kij_ohx1e+07,12,35.0,10.5,20.0,20.0,10000000.0,False,0.1440922190201729,0.8699521948219663,3162.2776601683795,3.9347431709039657e-08,1.226713931297604e-10,320.7547473388388,39.59,16.16,2.45,99.9999999006127,12992.030503626074,True,11,7.564483721091346e-13,Rezaee2025_Table5
held_2014_s2_no_born_table9_kij_ohx1e+07,13,25.0,9.5,40.0,20.0,10000000.0,False,0.1440922190201729,0.8699521948219663,316.22776601683796,1.097202700978678e-07,1.1309810095846843e-09,97.01336199991454,37.5,10.72,3.5,99.99999970741261,2671.810342854701,True,13,8.968929364982503e-13,Rezaee2025_Table5
held_2014_s2_no_born_table9_kij_ohx1e+07,14,35.0,9.5,40.0,20.0,10000000.0,False,0.1440922190201729,0.8699521948219663,316.22776601683796,1.097202700978678e-07,1.1309810095846843e-09,97.01336199991454,36.32,15.01,2.42,99.99999969790674,3908.816611566717,True,13,8.968929364982503e-13,Rezaee2025_Table5
held_2014_s2_no_born_table9_kij_ohx1e+07,15,25.0,10.5,40.0,20.0,10000000.0,False,0.1440922190201729,0.8699521948219663,3162.2776601683795,1.225637507265336e-07,1.262346772234469e-09,97.09198250618931,38.04,10.76,3.53,99.99999967780298,2650.481090826893,True,14,6.508112021503808e-13,Rezaee2025_Table5
held_2014_s2_no_born_table9_kij_ohx1e+07,16,35.0,10.5,40.0,20.0,10000000.0,False,0.1440922190201729,0.8699521948219663,3162.2776601683795,1.225637507265336e-07,1.262346772234469e-09,97.09198250618931,35.44,14.74,2.4,99.99999965416549,3945.499271091221,True,14,6.508112021503808e-13,Rezaee2025_Table5
held_2014_s2_no_born_table9_kij_ohx1e+07,17,20.0,10.0,30.0,15.0,10000000.0,False,0.1440922190201729,0.6524641461164746,1000.0,7.049005454069131e-08,4.06121653139584e-10,173.56881613121936,37.63,8.49,4.43,99.99999981267591,3818.031966844681,True,12,8.851067286628605e-13,Rezaee2025_Table5
held_2014_s2_no_born_table9_kij_ohx1e+07,18,40.0,10.0,30.0,15.0,10000000.0,False,0.1440922190201729,0.6524641461164746,1000.0,7.049005454069131e-08,4.06121653139584e-10,173.56881613121936,31.51,13.65,2.31,99.99999977629308,7413.80156412205,True,12,8.851067286628605e-13,Rezaee2025_Table5
held_2014_s2_no_born_table9_kij_ohx1e+07,19,30.0,9.0,30.0,15.0,10000000.0,False,0.1440922190201729,0.6524641461164746,100.00000000000001,5.225450559884352e-08,3.017520645947468e-10,173.1703332967128,33.64,11.07,3.04,99.99999984466557,5596.392542655027,True,12,6.538557361824747e-13,Rezaee2025_Table5
held_2014_s2_no_born_table9_kij_ohx1e+07,20,30.0,11.0,30.0,15.0,10000000.0,False,0.1440922190201729,0.6524641461164746,10000.0,7.311939472368258e-08,4.211377175770875e-10,173.62347676754547,39.9,11.32,3.52,99.99999981674337,4832.485135441632,True,12,9.184502559529254e-13,Rezaee2025_Table5
held_2014_s2_no_born_table9_kij_ohx1e+07,21,30.0,10.0,10.0,15.0,10000000.0,False,0.1440922190201729,0.6524641461164746,1000.0,1.7894579911838572e-08,3.178223515356827e-11,563.0371754967493,38.01,9.79,3.88,99.99999995292139,14411.267409710035,True,9,8.064547408104681e-13,Rezaee2025_Table5
held_2014_s2_no_born_table9_kij_ohx1e+07,22,30.0,10.0,50.0,15.0,10000000.0,False,0.1440922190201729,0.6524641461164746,1000.0,1.7480587854570068e-07,3.1155230581264165e-09,56.10803556396202,38.91,11.58,3.36,99.99999955074306,1569.8820108322032,True,14,9.29795611210044e-13,Rezaee2025_Table5
held_2014_s2_no_born_table9_kij_ohx1e+07,23,30.0,10.0,30.0,5.0,10000000.0,False,0.1440922190201729,0.21748804870549157,1000.0,6.865101891125461e-08,3.9729595130256365e-10,172.79566702398364,36.47,11.76,3.1,99.9999998117603,5474.053774967215,True,12,8.617853133994638e-13,Rezaee2025_Table5
held_2014_s2_no_born_table9_kij_ohx1e+07,24,30.0,10.0,30.0,25.0,10000000.0,False,0.1440922190201729,1.087440243527458,1000.0,7.24296103443939e-08,4.169198927598317e-10,173.72548444484337,30.1,7.85,3.83,99.99999975937006,4435.913431980244,True,12,9.097028732150708e-13,Rezaee2025_Table5
held_2014_s2_no_born_table9_kij_ohx1e+07,25,30.0,10.0,30.0,15.0,10000000.0,False,0.1440922190201729,0.6524641461164746,1000.0,7.049005454067979e-08,4.061216531395368e-10,173.56881613121118,31.83,8.55,3.72,99.99999977854209,4565.828390623956,True,12,8.85106728663468e-13,Rezaee2025_Table5
held_2014_s2_no_born_table9_kij_ohx1e+07,26,30.0,10.0,30.0,15.0,10000000.0,False,0.1440922190201729,0.6524641461164746,1000.0,7.049005454067979e-08,4.061216531395368e-10,173.56881613121118,31.65,8.22,3.85,99.99999977728261,4408.280938473017,True,12,8.85106728663468e-13,Rezaee2025_Table5
