case_id,sample_type,temperature_C,aqueous_pH,TOPO_wt_pct_in_organic,TDS_feature_mg_L,Li_feed_mg_L,organic_to_aqueous_mass_ratio,residual_divalent_mg_L,sample_id
ms2_clean_li_na_nominal,seed_anchor,23.0,10.4,10.0,305000.0,168.0,1.0,0.0,0
temperature_C_low,seed_anchor,23.0,10.4,10.0,305000.0,168.0,1.0,0.0,1
temperature_C_high,seed_anchor,23.0,10.4,10.0,305000.0,168.0,1.0,0.0,2
aqueous_pH_low,seed_anchor,23.0,10.4,10.0,305000.0,168.0,1.0,0.0,3
aqueous_pH_high,seed_anchor,23.0,10.4,10.0,305000.0,168.0,1.0,0.0,4
TOPO_wt_pct_in_organic_low,seed_anchor,23.0,10.4,10.0,305000.0,168.0,1.0,0.0,5
TOPO_wt_pct_in_organic_high,seed_anchor,23.0,10.4,10.0,305000.0,168.0,1.0,0.0,6
Na_Li_mass_ratio_low,seed_anchor,23.0,10.4,10.0,305000.0,168.0,1.0,0.0,7
Na_Li_mass_ratio_high,seed_anchor,23.0,10.4,10.0,305000.0,168.0,1.0,0.0,8
Li_feed_mg_L_low,seed_anchor,23.0,10.4,10.0,305000.0,100.0,1.0,0.0,9
Li_feed_mg_L_high,seed_anchor,23.0,10.4,10.0,305000.0,300.0,1.0,0.0,10
organic_to_aqueous_mass_ratio_low,seed_anchor,23.0,10.4,10.0,305000.0,168.0,0.5,0.0,11
organic_to_aqueous_mass_ratio_high,seed_anchor,23.0,10.4,10.0,305000.0,168.0,1.5,0.0,12
TDS_feature_mg_L_low,seed_anchor,23.0,10.4,10.0,152500.0,168.0,1.0,0.0,13
TDS_feature_mg_L_high,seed_anchor,23.0,10.4,10.0,340000.0,168.0,1.0,0.0,14
stress_high_na_high_tds_low_oa,seed_anchor,23.0,10.4,10.0,340000.0,168.0,0.5,0.0,15
best_practical_selectivity_corner,seed_anchor,23.0,10.4,10.0,305000.0,168.0,1.5,0.0,16
pretreatment_leakage_guardrail,seed_anchor,23.0,10.4,10.0,305000.0,168.0,1.0,430.0,17
corner_high_tds_low_li_low_oa,explicit_corner,23.0,10.4,10.0,340000.0,100.0,0.5,0.0,18
corner_high_tds_high_li_low_oa,explicit_corner,23.0,10.4,10.0,340000.0,300.0,0.5,0.0,19
corner_low_tds_high_li_high_oa,explicit_corner,23.0,10.4,10.0,152500.0,300.0,1.5,0.0,20
corner_low_tds_low_li_high_oa,explicit_corner,23.0,10.4,10.0,152500.0,100.0,1.5,0.0,21
nominal_ms2_clean_li_na,explicit_corner,23.0,10.4,10.0,305000.0,168.0,1.0,0.0,22
lhs_0000,lhs_synthetic_scaffold,23.0,10.4,10.0,189247.24519180032,105.01611444533104,1.0051293762453484,0.0,23
lhs_0001,lhs_synthetic_scaffold,23.0,10.4,10.0,203050.24905398165,164.13342432445967,1.1028698484395623,0.0,24
lhs_0002,lhs_synthetic_scaffold,23.0,10.4,10.0,198764.5237467506,180.69499515542407,1.1263771124533744,0.0,25
lhs_0003,lhs_synthetic_scaffold,23.0,10.4,10.0,156889.17522830286,232.18088951243956,0.9872648595933649,0.0,26
lhs_0004,lhs_synthetic_scaffold,23.0,10.4,10.0,197340.91247164176,136.27484163026642,0.6127528886766611,0.0,27
lhs_0005,lhs_synthetic_scaffold,23.0,10.4,10.0,338184.1333516452,116.61656809765155,1.0095492308718512,0.0,28
lhs_0006,lhs_synthetic_scaffold,23.0,10.4,10.0,317904.9819115607,113.18775842700364,0.6752326250606588,0.0,29
lhs_0007,lhs_synthetic_scaffold,23.0,10.4,10.0,213114.9864366749,196.26431354074464,1.3236225784136053,0.0,30
lhs_0008,lhs_synthetic_scaffold,23.0,10.4,10.0,211744.68027172968,246.42002809560736,0.6672673923331062,0.0,31
lhs_0009,lhs_synthetic_scaffold,23.0,10.4,10.0,194980.82829257473,173.860540484683,0.7046711058496504,0.0,32
lhs_0010,lhs_synthetic_scaffold,23.0,10.4,10.0,273798.8616172162,237.23351559302895,0.5832935690585903,0.0,33
lhs_0011,lhs_synthetic_scaffold,23.0,10.4,10.0,336350.37506904744,142.42599560605956,1.0222504147480018,0.0,34
lhs_0012,lhs_synthetic_scaffold,23.0,10.4,10.0,176042.14029777737,226.4443462286639,0.7954327403426289,0.0,35
lhs_0013,lhs_synthetic_scaffold,23.0,10.4,10.0,325675.942471732,176.09701249386012,1.4722759154652656,0.0,36
lhs_0014,lhs_synthetic_scaffold,23.0,10.4,10.0,298317.4715100202,185.08249475242934,0.9279672679038271,0.0,37
lhs_0015,lhs_synthetic_scaffold,23.0,10.4,10.0,243790.579997023,195.92954982225012,1.3581788312429566,0.0,38
lhs_0016,lhs_synthetic_scaffold,23.0,10.4,10.0,162431.16323919577,272.204136508161,1.0501636167332267,0.0,39
lhs_0017,lhs_synthetic_scaffold,23.0,10.4,10.0,280966.6811822385,207.89417745794574,1.4061210633018497,0.0,40
lhs_0018,lhs_synthetic_scaffold,23.0,10.4,10.0,339865.6115850407,180.89332246212538,0.8266503144874705,0.0,41
lhs_0019,lhs_synthetic_scaffold,23.0,10.4,10.0,173799.87051721814,133.52125661608864,1.3131658078915351,0.0,42
lhs_0020,lhs_synthetic_scaffold,23.0,10.4,10.0,154266.31313228977,154.0733120750238,1.3466473730438424,0.0,43
lhs_0021,lhs_synthetic_scaffold,23.0,10.4,10.0,260742.95950524215,114.4323729218153,1.257490617391611,0.0,44
lhs_0022,lhs_synthetic_scaffold,23.0,10.4,10.0,160351.83408993966,181.72212431903344,1.1828276072269763,0.0,45
lhs_0023,lhs_synthetic_scaffold,23.0,10.4,10.0,338573.9510217977,134.1636891342893,0.5744264404821049,0.0,46
lhs_0024,lhs_synthetic_scaffold,23.0,10.4,10.0,251075.23725903907,172.1249971221365,1.181988067977717,0.0,47
lhs_0025,lhs_synthetic_scaffold,23.0,10.4,10.0,270074.572214764,257.8823396253098,0.5696277484066168,0.0,48
lhs_0026,lhs_synthetic_scaffold,23.0,10.4,10.0,243508.47878757675,201.06442271775546,1.3777293644794262,0.0,49
lhs_0027,lhs_synthetic_scaffold,23.0,10.4,10.0,324880.357591141,168.39110532871956,1.0331739644272286,0.0,50
lhs_0028,lhs_synthetic_scaffold,23.0,10.4,10.0,192310.37259398185,106.28917716330528,0.5119992209860315,0.0,51
lhs_0029,lhs_synthetic_scaffold,23.0,10.4,10.0,292018.9652505456,279.36940324014245,0.6357431955742527,0.0,52
lhs_0030,lhs_synthetic_scaffold,23.0,10.4,10.0,293463.24232849985,127.73098371918687,0.8183232576929997,0.0,53
lhs_0031,lhs_synthetic_scaffold,23.0,10.4,10.0,224706.3143462482,286.1531677853467,0.9208399265806382,0.0,54
lhs_0032,lhs_synthetic_scaffold,23.0,10.4,10.0,253466.1142048706,234.0001575311864,0.8988980172874541,0.0,55
lhs_0033,lhs_synthetic_scaffold,23.0,10.4,10.0,288298.6234236726,115.4562991401414,0.9007615569962442,0.0,56
lhs_0034,lhs_synthetic_scaffold,23.0,10.4,10.0,258958.51911558,148.56842787399708,1.2357000457061482,0.0,57
lhs_0035,lhs_synthetic_scaffold,23.0,10.4,10.0,262945.1372887594,252.9924338081948,0.6455354384573553,0.0,58
lhs_0036,lhs_synthetic_scaffold,23.0,10.4,10.0,291853.847158169,197.2282144956014,1.3060999753584384,0.0,59
lhs_0037,lhs_synthetic_scaffold,23.0,10.4,10.0,314010.9100735283,145.463398573271,0.7395770489775577,0.0,60
lhs_0038,lhs_synthetic_scaffold,23.0,10.4,10.0,212317.15636040806,186.91796285742424,0.8379468039957668,0.0,61
lhs_0039,lhs_synthetic_scaffold,23.0,10.4,10.0,216704.72953352818,268.82041102495737,1.0404481097169946,0.0,62
lhs_0040,lhs_synthetic_scaffold,23.0,10.4,10.0,201087.44010518774,206.15887042777254,1.4745720848626176,0.0,63
lhs_0041,lhs_synthetic_scaffold,23.0,10.4,10.0,218246.20484529698,286.6577607747665,1.26532829534979,0.0,64
lhs_0042,lhs_synthetic_scaffold,23.0,10.4,10.0,332752.9509914999,188.8160063093397,1.031957195222891,0.0,65
lhs_0043,lhs_synthetic_scaffold,23.0,10.4,10.0,256462.26718622743,161.34289048392884,1.4784420210916813,0.0,66
lhs_0044,lhs_synthetic_scaffold,23.0,10.4,10.0,155087.22656420275,113.4244655374409,1.2384511933749471,0.0,67
lhs_0045,lhs_synthetic_scaffold,23.0,10.4,10.0,265352.4832554823,157.34009408222553,1.4184527435430956,0.0,68
lhs_0046,lhs_synthetic_scaffold,23.0,10.4,10.0,225486.7754163688,224.951911087351,1.1179661614239667,0.0,69
lhs_0047,lhs_synthetic_scaffold,23.0,10.4,10.0,321808.3674685026,156.7848785109455,1.0928654051101692,0.0,70
lhs_0048,lhs_synthetic_scaffold,23.0,10.4,10.0,164253.31695985768,248.93788704717775,1.0716971868058454,0.0,71
lhs_0049,lhs_synthetic_scaffold,23.0,10.4,10.0,234717.16016553773,298.39740961704194,1.1982895854233713,0.0,72
lhs_0050,lhs_synthetic_scaffold,23.0,10.4,10.0,194562.44540953124,259.636889587101,0.5299142226970559,0.0,73
lhs_0051,lhs_synthetic_scaffold,23.0,10.4,10.0,299732.50187019364,124.11308592109205,1.2128029048512485,0.0,74
lhs_0052,lhs_synthetic_scaffold,23.0,10.4,10.0,256770.50570120435,231.19856088077344,0.7360257311606799,0.0,75
lhs_0053,lhs_synthetic_scaffold,23.0,10.4,10.0,263524.8257564261,166.6760296277133,0.9068150641921159,0.0,76
lhs_0054,lhs_synthetic_scaffold,23.0,10.4,10.0,304302.53964288393,231.46125539101797,1.3016625927118506,0.0,77
lhs_0055,lhs_synthetic_scaffold,23.0,10.4,10.0,187368.84664805228,240.40846172717318,1.3796899965997798,0.0,78
lhs_0056,lhs_synthetic_scaffold,23.0,10.4,10.0,289644.53924531443,283.78787576606203,0.5604894661770898,0.0,79
lhs_0057,lhs_synthetic_scaffold,23.0,10.4,10.0,290913.8617805308,171.87131010435405,1.3898119525175274,0.0,80
lhs_0058,lhs_synthetic_scaffold,23.0,10.4,10.0,239658.2634082038,119.73574816750234,0.9321955494493341,0.0,81
lhs_0059,lhs_synthetic_scaffold,23.0,10.4,10.0,310808.4006056542,109.99526488845767,0.7591113878876148,0.0,82
lhs_0060,lhs_synthetic_scaffold,23.0,10.4,10.0,307176.6360723099,281.7238133078612,1.084914483666315,0.0,83
lhs_0061,lhs_synthetic_scaffold,23.0,10.4,10.0,226282.44517360325,163.91655103089525,1.0462352714161307,0.0,84
lhs_0062,lhs_synthetic_scaffold,23.0,10.4,10.0,202333.18528501588,108.33426810150281,1.1129670301266896,0.0,85
lhs_0063,lhs_synthetic_scaffold,23.0,10.4,10.0,333078.5133926419,216.40446625481394,1.2110419940829469,0.0,86
lhs_0064,lhs_synthetic_scaffold,23.0,10.4,10.0,258432.0067303577,107.48737492392577,0.7315695947630017,0.0,87
lhs_0065,lhs_synthetic_scaffold,23.0,10.4,10.0,280347.94519542105,183.038753742377,1.3737293938272894,0.0,88
lhs_0066,lhs_synthetic_scaffold,23.0,10.4,10.0,301473.47670520213,248.1660621887629,1.0650277459690929,0.0,89
lhs_0067,lhs_synthetic_scaffold,23.0,10.4,10.0,238159.6158650145,252.4606644189777,0.8329985723120898,0.0,90
lhs_0068,lhs_synthetic_scaffold,23.0,10.4,10.0,230682.3212519299,192.87349569287454,1.1611062575386857,0.0,91
lhs_0069,lhs_synthetic_scaffold,23.0,10.4,10.0,275630.0790532178,126.1429884186348,1.1501260979164802,0.0,92
lhs_0070,lhs_synthetic_scaffold,23.0,10.4,10.0,282142.9463272244,249.54687006230102,0.8285459384387321,0.0,93
lhs_0071,lhs_synthetic_scaffold,23.0,10.4,10.0,316206.22971126356,225.70950770160007,1.4267876843824356,0.0,94
lhs_0072,lhs_synthetic_scaffold,23.0,10.4,10.0,208497.58703460358,294.98941661486623,0.7334171628036525,0.0,95
lhs_0073,lhs_synthetic_scaffold,23.0,10.4,10.0,207002.6459348312,120.75532618278261,0.7354736140494422,0.0,96
lhs_0074,lhs_synthetic_scaffold,23.0,10.4,10.0,324409.7601033466,186.6612370829909,1.4909522683965832,0.0,97
lhs_0075,lhs_synthetic_scaffold,23.0,10.4,10.0,185251.41098433698,175.25461959293136,0.6108321178666682,0.0,98
lhs_0076,lhs_synthetic_scaffold,23.0,10.4,10.0,286793.1995133975,272.5202715713946,0.6646487960805967,0.0,99
lhs_0077,lhs_synthetic_scaffold,23.0,10.4,10.0,337021.47987378936,238.1289267426034,0.868522765570928,0.0,100
lhs_0078,lhs_synthetic_scaffold,23.0,10.4,10.0,155251.0444711714,137.11279364938966,0.9659295959527795,0.0,101
lhs_0079,lhs_synthetic_scaffold,23.0,10.4,10.0,246128.74448351277,208.43401304893695,1.3254268797325879,0.0,102
lhs_0080,lhs_synthetic_scaffold,23.0,10.4,10.0,309615.83744370786,173.20284435822447,0.5236832990877991,0.0,103
lhs_0081,lhs_synthetic_scaffold,23.0,10.4,10.0,243212.5680535901,246.36762445050408,1.3457569242534915,0.0,104
lhs_0082,lhs_synthetic_scaffold,23.0,10.4,10.0,169435.71451150833,118.08688141851044,0.5339172173700857,0.0,105
lhs_0083,lhs_synthetic_scaffold,23.0,10.4,10.0,281393.96477101767,120.88542426879665,0.8242993028336767,0.0,106
lhs_0084,lhs_synthetic_scaffold,23.0,10.4,10.0,218667.52102652687,289.30167955744434,1.0036703535451377,0.0,107
lhs_0085,lhs_synthetic_scaffold,23.0,10.4,10.0,279752.0945354464,165.2466232195383,1.4668804829455886,0.0,108
lhs_0086,lhs_synthetic_scaffold,23.0,10.4,10.0,265861.63731563423,183.88201117130396,0.5993907950412177,0.0,109
lhs_0087,lhs_synthetic_scaffold,23.0,10.4,10.0,161239.24542956628,264.70459575764113,1.0727890712209278,0.0,110
lhs_0088,lhs_synthetic_scaffold,23.0,10.4,10.0,226572.85123675727,149.3340973370319,1.42203508572431,0.0,111
lhs_0089,lhs_synthetic_scaffold,23.0,10.4,10.0,157086.02678556045,140.49519821687727,1.39968421997252,0.0,112
lhs_0090,lhs_synthetic_scaffold,23.0,10.4,10.0,301902.18025659875,107.1500577744481,0.9954192038882819,0.0,113
lhs_0091,lhs_synthetic_scaffold,23.0,10.4,10.0,255557.48934386464,178.78099859299118,1.3487883867639177,0.0,114
lhs_0092,lhs_synthetic_scaffold,23.0,10.4,10.0,315409.52348332,190.90677676991913,1.3510757239224143,0.0,115
lhs_0093,lhs_synthetic_scaffold,23.0,10.4,10.0,308306.15707674227,178.38658315986675,1.3280018458299088,0.0,116
lhs_0094,lhs_synthetic_scaffold,23.0,10.4,10.0,227324.53116877057,105.36075484078509,0.8861353235069045,0.0,117
lhs_0095,lhs_synthetic_scaffold,23.0,10.4,10.0,278395.514499401,174.49812781548485,0.9597761079867644,0.0,118
lhs_0096,lhs_synthetic_scaffold,23.0,10.4,10.0,240163.86503953277,101.49173370909104,0.8001433387246737,0.0,119
lhs_0097,lhs_synthetic_scaffold,23.0,10.4,10.0,244368.10253937304,190.56654833436082,1.129627973397449,0.0,120
lhs_0098,lhs_synthetic_scaffold,23.0,10.4,10.0,315958.8229709547,257.5038115539245,0.5620634942724012,0.0,121
lhs_0099,lhs_synthetic_scaffold,23.0,10.4,10.0,264052.7544069377,299.0293463264993,1.2046586342453582,0.0,122
lhs_0100,lhs_synthetic_scaffold,23.0,10.4,10.0,245187.15046581702,146.1287144429598,1.098079736576969,0.0,123
lhs_0101,lhs_synthetic_scaffold,23.0,10.4,10.0,309032.47333770397,160.18048453983548,0.9884191666743168,0.0,124
lhs_0102,lhs_synthetic_scaffold,23.0,10.4,10.0,182026.96295912104,103.21941514029628,1.1528029187488058,0.0,125
lhs_0103,lhs_synthetic_scaffold,23.0,10.4,10.0,229178.47060465766,289.679948218713,0.7965051296895277,0.0,126
lhs_0104,lhs_synthetic_scaffold,23.0,10.4,10.0,220137.46515937947,165.9392786966062,0.6020801529187968,0.0,127
lhs_0105,lhs_synthetic_scaffold,23.0,10.4,10.0,264548.8545920824,176.7900864409041,1.1064085576780496,0.0,128
lhs_0106,lhs_synthetic_scaffold,23.0,10.4,10.0,233054.21066441608,180.3093903250112,0.946360511112755,0.0,129
lhs_0107,lhs_synthetic_scaffold,23.0,10.4,10.0,220615.44668525778,285.30209061869266,0.7294265461978703,0.0,130
lhs_0108,lhs_synthetic_scaffold,23.0,10.4,10.0,228750.50082499126,268.5948957497318,1.2217609053878222,0.0,131
lhs_0109,lhs_synthetic_scaffold,23.0,10.4,10.0,273567.99356812314,169.93942973386422,0.6810924392874448,0.0,132
lhs_0110,lhs_synthetic_scaffold,23.0,10.4,10.0,153315.48058889367,137.2225286659874,0.7678321796820784,0.0,133
lhs_0111,lhs_synthetic_scaffold,23.0,10.4,10.0,253852.06412155257,194.32798627956095,1.1891429553444368,0.0,134
lhs_0112,lhs_synthetic_scaffold,23.0,10.4,10.0,217289.18691650068,127.25778499027248,1.4516098877553958,0.0,135
lhs_0113,lhs_synthetic_scaffold,23.0,10.4,10.0,330222.7848806601,288.0255902914929,1.4089012013440014,0.0,136
lhs_0114,lhs_synthetic_scaffold,23.0,10.4,10.0,281795.2188391272,159.09358887464612,1.217867649100133,0.0,137
lhs_0115,lhs_synthetic_scaffold,23.0,10.4,10.0,178357.84399677216,278.67125628081067,0.7244693128062516,0.0,138
lhs_0116,lhs_synthetic_scaffold,23.0,10.4,10.0,272747.5273366616,243.60596575330771,0.9965934165469681,0.0,139
lhs_0117,lhs_synthetic_scaffold,23.0,10.4,10.0,225936.13806005742,278.32074716399586,1.1646941418643644,0.0,140
lhs_0118,lhs_synthetic_scaffold,23.0,10.4,10.0,168744.36191209647,158.48113788086238,0.7911654127239788,0.0,141
lhs_0119,lhs_synthetic_scaffold,23.0,10.4,10.0,293604.36808125983,141.95215898325324,1.0495687238054727,0.0,142
lhs_0120,lhs_synthetic_scaffold,23.0,10.4,10.0,263144.12482458225,171.12085743853336,0.8701659431277449,0.0,143
lhs_0121,lhs_synthetic_scaffold,23.0,10.4,10.0,294861.04924544174,154.40032408542922,1.4573472159007328,0.0,144
lhs_0122,lhs_synthetic_scaffold,23.0,10.4,10.0,178774.15289916637,294.2171217170232,0.9607565764644406,0.0,145
lhs_0123,lhs_synthetic_scaffold,23.0,10.4,10.0,203830.21588393062,211.20177612359993,1.371849367101409,0.0,146
lhs_0124,lhs_synthetic_scaffold,23.0,10.4,10.0,259616.67022594617,229.05285672615398,0.5562641683038413,0.0,147
lhs_0125,lhs_synthetic_scaffold,23.0,10.4,10.0,193877.86718149684,270.33118476100617,1.0289655989089064,0.0,148
lhs_0126,lhs_synthetic_scaffold,23.0,10.4,10.0,210117.76493731403,294.6912083339978,0.9290525995848042,0.0,149
lhs_0127,lhs_synthetic_scaffold,23.0,10.4,10.0,306384.1970701694,225.33368746918688,0.6725065260434748,0.0,150
lhs_0128,lhs_synthetic_scaffold,23.0,10.4,10.0,322969.52263869374,140.14942992797216,0.9727826048901991,0.0,151
lhs_0129,lhs_synthetic_scaffold,23.0,10.4,10.0,255031.98212607903,162.71919591837616,1.4532382173231364,0.0,152
lhs_0130,lhs_synthetic_scaffold,23.0,10.4,10.0,312155.9772854062,218.23742901895204,1.3436327511695352,0.0,153
lhs_0131,lhs_synthetic_scaffold,23.0,10.4,10.0,297135.0070189042,220.23213008887933,1.2243983865771204,0.0,154
lhs_0132,lhs_synthetic_scaffold,23.0,10.4,10.0,297912.69730122946,250.75741891624986,1.4607461437517173,0.0,155
lhs_0133,lhs_synthetic_scaffold,23.0,10.4,10.0,236972.05911143267,217.22565614732537,0.5679468112141748,0.0,156
lhs_0134,lhs_synthetic_scaffold,23.0,10.4,10.0,269743.4922946675,117.28093431091146,0.6686163189993791,0.0,157
lhs_0135,lhs_synthetic_scaffold,23.0,10.4,10.0,248881.2237870075,112.07638638938846,0.6438288768818797,0.0,158
lhs_0136,lhs_synthetic_scaffold,23.0,10.4,10.0,335840.98168820736,141.16967656775012,0.8776953926913971,0.0,159
lhs_0137,lhs_synthetic_scaffold,23.0,10.4,10.0,201777.1402551121,168.91661987468115,0.6306579187263366,0.0,160
lhs_0138,lhs_synthetic_scaffold,23.0,10.4,10.0,250077.45167788726,105.60676007252854,1.226627766324267,0.0,161
lhs_0139,lhs_synthetic_scaffold,23.0,10.4,10.0,253040.93269464996,296.42427430723376,0.9834913060244911,0.0,162
lhs_0140,lhs_synthetic_scaffold,23.0,10.4,10.0,198040.49655232785,223.16336740163652,0.8675266859216342,0.0,163
lhs_0141,lhs_synthetic_scaffold,23.0,10.4,10.0,277996.49549883726,299.9078729350397,1.338067250868338,0.0,164
lhs_0142,lhs_synthetic_scaffold,23.0,10.4,10.0,229724.14954048704,213.14602153299114,0.9390427220084003,0.0,165
lhs_0143,lhs_synthetic_scaffold,23.0,10.4,10.0,167423.20488450155,152.63116396938057,0.9365047343332733,0.0,166
lhs_0144,lhs_synthetic_scaffold,23.0,10.4,10.0,234559.41366215915,296.34023262772797,1.1932611350978382,0.0,167
lhs_0145,lhs_synthetic_scaffold,23.0,10.4,10.0,227843.85278751334,253.3144406444278,0.7777181669500752,0.0,168
lhs_0146,lhs_synthetic_scaffold,23.0,10.4,10.0,202582.7322370183,159.5773932763341,0.5490896994682186,0.0,169
lhs_0147,lhs_synthetic_scaffold,23.0,10.4,10.0,275186.28425864904,276.1056999252815,0.7892472370496428,0.0,170
lhs_0148,lhs_synthetic_scaffold,23.0,10.4,10.0,283488.15386688284,135.50454161016884,0.6828157465220245,0.0,171
lhs_0149,lhs_synthetic_scaffold,23.0,10.4,10.0,284181.8128637457,234.6744316412297,0.8634965745211702,0.0,172
lhs_0150,lhs_synthetic_scaffold,23.0,10.4,10.0,205710.24246596015,216.84172525922457,1.3658836491467918,0.0,173
lhs_0151,lhs_synthetic_scaffold,23.0,10.4,10.0,318752.555331882,226.13194408059172,0.9413520689530845,0.0,174
lhs_0152,lhs_synthetic_scaffold,23.0,10.4,10.0,244942.69437368037,280.1645997560604,1.3212423243018936,0.0,175
lhs_0153,lhs_synthetic_scaffold,23.0,10.4,10.0,282307.7810630079,259.4417241068886,0.6868882136103216,0.0,176
lhs_0154,lhs_synthetic_scaffold,23.0,10.4,10.0,208053.33396121074,235.61891412494927,1.2033597908903333,0.0,177
lhs_0155,lhs_synthetic_scaffold,23.0,10.4,10.0,166774.9553535378,222.05029213059615,1.1369803819066258,0.0,178
lhs_0156,lhs_synthetic_scaffold,23.0,10.4,10.0,196446.18142485435,210.10247690608844,0.6577817031761594,0.0,179
lhs_0157,lhs_synthetic_scaffold,23.0,10.4,10.0,330920.08240113826,148.91980605167527,1.1558182780585948,0.0,180
lhs_0158,lhs_synthetic_scaffold,23.0,10.4,10.0,278624.7487628036,199.6154558112015,1.1724462426546294,0.0,181
lhs_0159,lhs_synthetic_scaffold,23.0,10.4,10.0,158498.62497909483,232.72839641811518,1.2497648696467718,0.0,182
lhs_0160,lhs_synthetic_scaffold,23.0,10.4,10.0,244446.31896226772,229.44010344421596,0.5939942631885962,0.0,183
lhs_0161,lhs_synthetic_scaffold,23.0,10.4,10.0,169852.17708614634,265.33853826009044,1.1200168928386716,0.0,184
lhs_0162,lhs_synthetic_scaffold,23.0,10.4,10.0,191209.18282277987,187.7590684382114,0.714748915988686,0.0,185
lhs_0163,lhs_synthetic_scaffold,23.0,10.4,10.0,162838.11665912517,220.66587192360618,1.219602773534039,0.0,186
lhs_0164,lhs_synthetic_scaffold,23.0,10.4,10.0,328326.9494778186,275.05700362236496,0.7423817129670618,0.0,187
lhs_0165,lhs_synthetic_scaffold,23.0,10.4,10.0,254334.4787225287,238.99218118892745,1.3665811873132026,0.0,188
lhs_0166,lhs_synthetic_scaffold,23.0,10.4,10.0,158758.38079805212,236.04484363930803,1.253783380070983,0.0,189
lhs_0167,lhs_synthetic_scaffold,23.0,10.4,10.0,247825.22902246466,198.05212964422216,0.7528587195966236,0.0,190
lhs_0168,lhs_synthetic_scaffold,23.0,10.4,10.0,262335.52265269915,298.5544208048084,1.3276579465736313,0.0,191
lhs_0169,lhs_synthetic_scaffold,23.0,10.4,10.0,296513.0404116982,191.50537254354742,0.874086844390278,0.0,192
lhs_0170,lhs_synthetic_scaffold,23.0,10.4,10.0,223397.94840012497,134.9470258283987,1.0958180145870708,0.0,193
lhs_0171,lhs_synthetic_scaffold,23.0,10.4,10.0,332418.36483858805,139.18379526629627,0.9779392492159287,0.0,194
lhs_0172,lhs_synthetic_scaffold,23.0,10.4,10.0,161579.2765894392,132.39084749379725,0.5961722397607498,0.0,195
lhs_0173,lhs_synthetic_scaffold,23.0,10.4,10.0,160473.06272161947,245.05320606496065,1.2303403477773394,0.0,196
lhs_0174,lhs_synthetic_scaffold,23.0,10.4,10.0,240790.73148000037,193.86699435542812,0.5653852835823995,0.0,197
lhs_0175,lhs_synthetic_scaffold,23.0,10.4,10.0,232393.13109717335,102.0349764518476,0.9054386802117173,0.0,198
lhs_0176,lhs_synthetic_scaffold,23.0,10.4,10.0,278890.46046662226,260.4569602012464,1.3345228827638234,0.0,199
lhs_0177,lhs_synthetic_scaffold,23.0,10.4,10.0,210333.14151839126,271.96499990212067,1.148462800882903,0.0,200
lhs_0178,lhs_synthetic_scaffold,23.0,10.4,10.0,209239.63783353366,257.08609161903496,1.195164598509181,0.0,201
lhs_0179,lhs_synthetic_scaffold,23.0,10.4,10.0,303238.63008147676,139.7463023025897,0.525682463206442,0.0,202
lhs_0180,lhs_synthetic_scaffold,23.0,10.4,10.0,231130.4504906985,122.86649527813175,1.2917703152177629,0.0,203
lhs_0181,lhs_synthetic_scaffold,23.0,10.4,10.0,265618.8926891616,153.48669474884713,0.6462473672082122,0.0,204
lhs_0182,lhs_synthetic_scaffold,23.0,10.4,10.0,204397.62377561565,197.19498628917106,0.6947855683628472,0.0,205
lhs_0183,lhs_synthetic_scaffold,23.0,10.4,10.0,174558.96391456842,240.15007585417445,0.7567959964487394,0.0,206
lhs_0184,lhs_synthetic_scaffold,23.0,10.4,10.0,200338.01299211237,204.62147500624982,1.2068615491775692,0.0,207
lhs_0185,lhs_synthetic_scaffold,23.0,10.4,10.0,311852.73411676986,236.55170114629607,1.4397328087481658,0.0,208
lhs_0186,lhs_synthetic_scaffold,23.0,10.4,10.0,223115.63068263663,266.62669400798796,1.2671752327541759,0.0,209
lhs_0187,lhs_synthetic_scaffold,23.0,10.4,10.0,186325.55875194032,175.9877585639365,1.4219257324347363,0.0,210
lhs_0188,lhs_synthetic_scaffold,23.0,10.4,10.0,195712.80989684007,246.95627260166114,0.632378077250285,0.0,211
lhs_0189,lhs_synthetic_scaffold,23.0,10.4,10.0,170414.02655702716,167.21668062141532,0.761201459514899,0.0,212
lhs_0190,lhs_synthetic_scaffold,23.0,10.4,10.0,283948.8034245169,107.79097474939763,1.1011388471107013,0.0,213
lhs_0191,lhs_synthetic_scaffold,23.0,10.4,10.0,212754.9369170664,224.73059473002496,0.7825960800933076,0.0,214
lhs_0192,lhs_synthetic_scaffold,23.0,10.4,10.0,168446.80516002647,146.40656440976556,1.1394058457965313,0.0,215
lhs_0193,lhs_synthetic_scaffold,23.0,10.4,10.0,279447.5597679396,110.63669539519516,1.4487534201172172,0.0,216
lhs_0194,lhs_synthetic_scaffold,23.0,10.4,10.0,164797.8884842135,250.81656774873144,0.8488964933351106,0.0,217
lhs_0195,lhs_synthetic_scaffold,23.0,10.4,10.0,189350.26393106725,241.29188271332083,1.011590137323726,0.0,218
lhs_0196,lhs_synthetic_scaffold,23.0,10.4,10.0,176148.31028964178,292.8996742841983,1.0911675881642329,0.0,219
lhs_0197,lhs_synthetic_scaffold,23.0,10.4,10.0,313294.2159636231,299.46949089673603,1.0547898923085692,0.0,220
lhs_0198,lhs_synthetic_scaffold,23.0,10.4,10.0,213523.67474772752,200.37786681470237,0.5876126214471225,0.0,221
lhs_0199,lhs_synthetic_scaffold,23.0,10.4,10.0,293050.2369377149,134.60394024956167,0.6055305928483228,0.0,222
lhs_0200,lhs_synthetic_scaffold,23.0,10.4,10.0,286112.4220829081,161.04530360435308,1.4440232259875319,0.0,223
lhs_0201,lhs_synthetic_scaffold,23.0,10.4,10.0,268000.2921762067,279.8258449356667,0.6497303193422376,0.0,224
lhs_0202,lhs_synthetic_scaffold,23.0,10.4,10.0,201305.12709229716,290.7792683442773,0.5028227365779918,0.0,225
lhs_0203,lhs_synthetic_scaffold,23.0,10.4,10.0,206864.5593806427,292.26835339113495,0.9131794296809844,0.0,226
lhs_0204,lhs_synthetic_scaffold,23.0,10.4,10.0,171637.97920528796,189.4037583790671,0.9231630730194844,0.0,227
lhs_0205,lhs_synthetic_scaffold,23.0,10.4,10.0,203479.29772347334,166.10385077649624,0.626573255048576,0.0,228
lhs_0206,lhs_synthetic_scaffold,23.0,10.4,10.0,288780.35640319175,239.24333618907156,1.1080767261321216,0.0,229
lhs_0207,lhs_synthetic_scaffold,23.0,10.4,10.0,166313.2605610727,261.85793979112475,1.4967349573042101,0.0,230
lhs_0208,lhs_synthetic_scaffold,23.0,10.4,10.0,333940.8141052299,227.6237548364587,0.7214586358646333,0.0,231
lhs_0209,lhs_synthetic_scaffold,23.0,10.4,10.0,252159.60195385403,166.90260897404082,0.5852671144806484,0.0,232
lhs_0210,lhs_synthetic_scaffold,23.0,10.4,10.0,319125.3814128266,262.8103558043267,0.692583921614258,0.0,233
lhs_0211,lhs_synthetic_scaffold,23.0,10.4,10.0,217535.49008257224,147.03262466239323,0.8839013414039018,0.0,234
lhs_0212,lhs_synthetic_scaffold,23.0,10.4,10.0,323520.98489086225,153.72219383832476,1.442777920288551,0.0,235
lhs_0213,lhs_synthetic_scaffold,23.0,10.4,10.0,326397.68838655646,188.47214381949487,1.4162432491950523,0.0,236
lhs_0214,lhs_synthetic_scaffold,23.0,10.4,10.0,325298.7956341768,126.9264240359602,1.1593350919648446,0.0,237
lhs_0215,lhs_synthetic_scaffold,23.0,10.4,10.0,292603.0986898589,297.3827936395031,1.2867064028661388,0.0,238
lhs_0216,lhs_synthetic_scaffold,23.0,10.4,10.0,214550.8439748795,242.75851087367138,1.1438973450228698,0.0,239
lhs_0217,lhs_synthetic_scaffold,23.0,10.4,10.0,327820.95621424215,155.06447213325754,0.5066390998840292,0.0,240
lhs_0218,lhs_synthetic_scaffold,23.0,10.4,10.0,323443.5506386045,216.35536322008755,0.7094303874309905,0.0,241
lhs_0219,lhs_synthetic_scaffold,23.0,10.4,10.0,187642.87721524827,203.7390633519655,1.1109825714352293,0.0,242
lhs_0220,lhs_synthetic_scaffold,23.0,10.4,10.0,185751.3138616657,233.80047416490262,0.661855768958696,0.0,243
lhs_0221,lhs_synthetic_scaffold,23.0,10.4,10.0,156174.7081429969,291.95303966365344,0.9141463199810543,0.0,244
lhs_0222,lhs_synthetic_scaffold,23.0,10.4,10.0,158998.10616628677,277.4839951664219,1.3569885503270465,0.0,245
lhs_0223,lhs_synthetic_scaffold,23.0,10.4,10.0,274559.82581449376,274.1568846547042,0.5478480744923765,0.0,246
lhs_0224,lhs_synthetic_scaffold,23.0,10.4,10.0,153888.40923313596,290.03467174595914,0.8607949051893556,0.0,247
lhs_0225,lhs_synthetic_scaffold,23.0,10.4,10.0,327421.5305366399,100.17558306964037,0.6182695982173709,0.0,248
lhs_0226,lhs_synthetic_scaffold,23.0,10.4,10.0,216040.14430230332,231.8473966033269,0.5400723047215723,0.0,249
lhs_0227,lhs_synthetic_scaffold,23.0,10.4,10.0,252825.94374434522,172.57275820969227,0.957561044344386,0.0,250
lhs_0228,lhs_synthetic_scaffold,23.0,10.4,10.0,228281.8029639753,284.5564205575863,1.069211408667969,0.0,251
lhs_0229,lhs_synthetic_scaffold,23.0,10.4,10.0,235939.0629979234,124.64374909482672,1.1917780366342083,0.0,252
lhs_0230,lhs_synthetic_scaffold,23.0,10.4,10.0,235416.0758836255,221.57932970809927,1.3868940936140992,0.0,253
lhs_0231,lhs_synthetic_scaffold,23.0,10.4,10.0,273159.5129505829,102.5111088351457,0.8434937462415579,0.0,254
lhs_0232,lhs_synthetic_scaffold,23.0,10.4,10.0,231830.36872334857,189.77706038300968,1.0159486068443841,0.0,255
lhs_0233,lhs_synthetic_scaffold,23.0,10.4,10.0,179512.87970393238,198.81611859745374,1.0809362254388077,0.0,256
lhs_0234,lhs_synthetic_scaffold,23.0,10.4,10.0,248235.32484444237,147.76501660509592,0.9675193600049136,0.0,257
lhs_0235,lhs_synthetic_scaffold,23.0,10.4,10.0,176547.29607819638,236.89419723430888,1.0350875125331807,0.0,258
lhs_0236,lhs_synthetic_scaffold,23.0,10.4,10.0,188153.20834637302,111.09431526533714,0.7643825277410974,0.0,259
lhs_0237,lhs_synthetic_scaffold,23.0,10.4,10.0,266688.70546459674,139.4987581794502,0.615965323346077,0.0,260
lhs_0238,lhs_synthetic_scaffold,23.0,10.4,10.0,173144.4121980989,131.92033201458773,0.5301873797276584,0.0,261
lhs_0239,lhs_synthetic_scaffold,23.0,10.4,10.0,237502.3861802327,199.35624611645142,1.020647638967306,0.0,262
lhs_0240,lhs_synthetic_scaffold,23.0,10.4,10.0,183595.4843613566,150.10528159574164,1.4417071188555663,0.0,263
lhs_0241,lhs_synthetic_scaffold,23.0,10.4,10.0,256240.5173298485,244.41936584930357,0.7518789602906724,0.0,264
lhs_0242,lhs_synthetic_scaffold,23.0,10.4,10.0,221312.63096628472,254.06522669640128,1.3942441515745214,0.0,265
lhs_0243,lhs_synthetic_scaffold,23.0,10.4,10.0,284735.7178352418,234.9468494649546,0.9635250636267214,0.0,266
lhs_0244,lhs_synthetic_scaffold,23.0,10.4,10.0,260076.96073306925,125.44531341532718,0.7787103800185464,0.0,267
lhs_0245,lhs_synthetic_scaffold,23.0,10.4,10.0,306853.93010978366,219.38620978794523,1.3365813223768805,0.0,268
lhs_0246,lhs_synthetic_scaffold,23.0,10.4,10.0,215378.09996527992,117.64809887712292,1.2548661069459905,0.0,269
lhs_0247,lhs_synthetic_scaffold,23.0,10.4,10.0,314451.04474124033,170.44112490536958,0.6915109930077312,0.0,270
lhs_0248,lhs_synthetic_scaffold,23.0,10.4,10.0,305272.6213720713,226.94552248325795,0.5534539383259388,0.0,271
lhs_0249,lhs_synthetic_scaffold,23.0,10.4,10.0,303911.81937054696,262.34064767085107,0.9923956472864421,0.0,272
lhs_0250,lhs_synthetic_scaffold,23.0,10.4,10.0,262645.37207137555,207.13222635835646,0.9536877495575216,0.0,273
lhs_0251,lhs_synthetic_scaffold,23.0,10.4,10.0,183150.5534846178,218.77418086101292,0.5953234113379773,0.0,274
lhs_0252,lhs_synthetic_scaffold,23.0,10.4,10.0,261741.64133218274,109.30328955255334,1.2613713315253112,0.0,275
lhs_0253,lhs_synthetic_scaffold,23.0,10.4,10.0,320220.3964101649,125.06985265906837,0.8523551983615325,0.0,276
lhs_0254,lhs_synthetic_scaffold,23.0,10.4,10.0,259034.41938078147,147.3559223171456,1.2091274615655512,0.0,277
lhs_0255,lhs_synthetic_scaffold,23.0,10.4,10.0,320056.2980726771,159.9629715174204,0.8091134281435205,0.0,278
lhs_0256,lhs_synthetic_scaffold,23.0,10.4,10.0,251680.52576670807,230.49227386178083,1.390771766577902,0.0,279
lhs_0257,lhs_synthetic_scaffold,23.0,10.4,10.0,189942.6337666281,123.52691288085761,1.2007146833873898,0.0,280
lhs_0258,lhs_synthetic_scaffold,23.0,10.4,10.0,249345.59520602852,156.83992353832647,0.5357753769585206,0.0,281
lhs_0259,lhs_synthetic_scaffold,23.0,10.4,10.0,190016.18772563423,131.2979698029385,0.8164248053271609,0.0,282
lhs_0260,lhs_synthetic_scaffold,23.0,10.4,10.0,314948.2138398199,291.4368017180308,1.4622346485233102,0.0,283
lhs_0261,lhs_synthetic_scaffold,23.0,10.4,10.0,197020.66605309382,162.3930355836044,0.8935951064308388,0.0,284
lhs_0262,lhs_synthetic_scaffold,23.0,10.4,10.0,326548.090063335,130.858176041405,1.027179524063872,0.0,285
lhs_0263,lhs_synthetic_scaffold,23.0,10.4,10.0,159298.98333925876,101.83158813047703,1.3830635397082962,0.0,286
lhs_0264,lhs_synthetic_scaffold,23.0,10.4,10.0,172477.69546279454,121.32605733169666,1.4294264689110507,0.0,287
lhs_0265,lhs_synthetic_scaffold,23.0,10.4,10.0,190778.7959472617,254.67385356344363,0.9687969299984187,0.0,288
lhs_0266,lhs_synthetic_scaffold,23.0,10.4,10.0,235299.1040276484,130.5492705462116,0.6173585624190522,0.0,289
lhs_0267,lhs_synthetic_scaffold,23.0,10.4,10.0,194212.0281705059,241.63842409671622,0.9242685161947461,0.0,290
lhs_0268,lhs_synthetic_scaffold,23.0,10.4,10.0,336167.01986482996,122.61212116247894,1.3552822535509916,0.0,291
lhs_0269,lhs_synthetic_scaffold,23.0,10.4,10.0,312450.6215362849,261.20920738269757,0.768112017045179,0.0,292
lhs_0270,lhs_synthetic_scaffold,23.0,10.4,10.0,329059.7985536545,256.02265823730886,0.8399037628066521,0.0,293
lhs_0271,lhs_synthetic_scaffold,23.0,10.4,10.0,268588.2646014313,119.03377959485077,1.2366927060177435,0.0,294
lhs_0272,lhs_synthetic_scaffold,23.0,10.4,10.0,271702.54123034456,177.12597526080862,1.1865045792157631,0.0,295
lhs_0273,lhs_synthetic_scaffold,23.0,10.4,10.0,300418.71169927047,270.59310532040774,1.0580168504867262,0.0,296
lhs_0274,lhs_synthetic_scaffold,23.0,10.4,10.0,309866.5259632186,279.0983549604866,1.1058442542653624,0.0,297
lhs_0275,lhs_synthetic_scaffold,23.0,10.4,10.0,328631.10028283583,207.2102609446914,1.2440984610385415,0.0,298
lhs_0276,lhs_synthetic_scaffold,23.0,10.4,10.0,165807.83993849767,280.44231869426494,1.288196327505855,0.0,299
lhs_0277,lhs_synthetic_scaffold,23.0,10.4,10.0,329363.2324482856,173.02017268537136,1.294926212462119,0.0,300
lhs_0278,lhs_synthetic_scaffold,23.0,10.4,10.0,307490.65720612125,263.88576095763995,0.513193132245375,0.0,301
lhs_0279,lhs_synthetic_scaffold,23.0,10.4,10.0,276766.24991451023,163.20278074030688,0.9805338238437624,0.0,302
lhs_0280,lhs_synthetic_scaffold,23.0,10.4,10.0,283010.48882373626,217.77283982075608,1.2473950879908273,0.0,303
lhs_0281,lhs_synthetic_scaffold,23.0,10.4,10.0,200668.10256435012,283.4214666005904,1.166826809436625,0.0,304
lhs_0282,lhs_synthetic_scaffold,23.0,10.4,10.0,193623.53878662369,205.08716858935063,1.4033834881596003,0.0,305
lhs_0283,lhs_synthetic_scaffold,23.0,10.4,10.0,329508.36028945516,202.18857810601935,0.501583510962571,0.0,306
lhs_0284,lhs_synthetic_scaffold,23.0,10.4,10.0,204663.02582339145,209.83096858254908,0.8048143279681239,0.0,307
lhs_0285,lhs_synthetic_scaffold,23.0,10.4,10.0,213660.6436826899,153.1531176376069,1.2705422536798168,0.0,308
lhs_0286,lhs_synthetic_scaffold,23.0,10.4,10.0,335481.9989964078,214.79544983506239,1.2237002780730775,0.0,309
lhs_0287,lhs_synthetic_scaffold,23.0,10.4,10.0,300962.2155412891,252.20556836841135,1.434328705860605,0.0,310
lhs_0288,lhs_synthetic_scaffold,23.0,10.4,10.0,295943.03755127406,104.5708739350561,1.3045206243866956,0.0,311
lhs_0289,lhs_synthetic_scaffold,23.0,10.4,10.0,337967.51125750405,249.90886711830117,1.3975294380819823,0.0,312
lhs_0290,lhs_synthetic_scaffold,23.0,10.4,10.0,214972.3155938513,229.94652680219102,1.2401257094383207,0.0,313
lhs_0291,lhs_synthetic_scaffold,23.0,10.4,10.0,186694.59083152298,222.46467121909407,1.4049827161959412,0.0,314
lhs_0292,lhs_synthetic_scaffold,23.0,10.4,10.0,319496.77939240634,190.27809393888617,1.3802512477508677,0.0,315
lhs_0293,lhs_synthetic_scaffold,23.0,10.4,10.0,267942.0200149254,151.43174439335405,1.2293593530013767,0.0,316
lhs_0294,lhs_synthetic_scaffold,23.0,10.4,10.0,287339.5014960075,152.39792295305404,0.6008563446115528,0.0,317
lhs_0295,lhs_synthetic_scaffold,23.0,10.4,10.0,239075.4947994697,179.47855496468168,1.2813797845395365,0.0,318
lhs_0296,lhs_synthetic_scaffold,23.0,10.4,10.0,287778.1190023093,129.00342775394907,0.7815605683516373,0.0,319
lhs_0297,lhs_synthetic_scaffold,23.0,10.4,10.0,246490.22378479296,258.65626962187025,1.2632280024126963,0.0,320
lhs_0298,lhs_synthetic_scaffold,23.0,10.4,10.0,181606.03042637772,142.80646740690761,1.0171863161453738,0.0,321
lhs_0299,lhs_synthetic_scaffold,23.0,10.4,10.0,287911.1265868066,165.19131568776947,0.7132187765520517,0.0,322
lhs_0300,lhs_synthetic_scaffold,23.0,10.4,10.0,210742.59189303897,144.71288102376604,0.9758630103364241,0.0,323
lhs_0301,lhs_synthetic_scaffold,23.0,10.4,10.0,312903.180102905,205.30502259253083,0.8943613563156474,0.0,324
lhs_0302,lhs_synthetic_scaffold,23.0,10.4,10.0,269095.2744530804,255.37035589414887,1.4326213353944761,0.0,325
lhs_0303,lhs_synthetic_scaffold,23.0,10.4,10.0,321007.91693595145,228.64357635403562,1.297305505260144,0.0,326
lhs_0304,lhs_synthetic_scaffold,23.0,10.4,10.0,251441.63044682256,258.3064151008897,1.4936669974196217,0.0,327
lhs_0305,lhs_synthetic_scaffold,23.0,10.4,10.0,242738.93666005827,221.1027098933738,0.5598591376264398,0.0,328
lhs_0306,lhs_synthetic_scaffold,23.0,10.4,10.0,274141.4399750773,212.37652702223548,1.4893355796546681,0.0,329
lhs_0307,lhs_synthetic_scaffold,23.0,10.4,10.0,221951.16055230948,121.89290822745261,0.5185753286497737,0.0,330
lhs_0308,lhs_synthetic_scaffold,23.0,10.4,10.0,221806.21215766398,289.1112733526218,0.8970941514916915,0.0,331
lhs_0309,lhs_synthetic_scaffold,23.0,10.4,10.0,185900.4730825696,275.38780964283734,1.2687225641309001,0.0,332
lhs_0310,lhs_synthetic_scaffold,23.0,10.4,10.0,166705.61060123378,126.62050698939547,1.039691944261829,0.0,333
lhs_0311,lhs_synthetic_scaffold,23.0,10.4,10.0,247184.97104236973,129.97896934517541,1.074439770291211,0.0,334
lhs_0312,lhs_synthetic_scaffold,23.0,10.4,10.0,199076.65603980905,262.7188414484252,1.1142205456490717,0.0,335
lhs_0313,lhs_synthetic_scaffold,23.0,10.4,10.0,234084.07188896873,213.54651753912805,0.8551643618841529,0.0,336
lhs_0314,lhs_synthetic_scaffold,23.0,10.4,10.0,190381.11975294133,179.6075890127217,0.6844516088155747,0.0,337
lhs_0315,lhs_synthetic_scaffold,23.0,10.4,10.0,317068.3388140468,265.8718672357586,1.1789369674169443,0.0,338
lhs_0316,lhs_synthetic_scaffold,23.0,10.4,10.0,299489.6620048526,214.24035326425548,0.7921115177322573,0.0,339
lhs_0317,lhs_synthetic_scaffold,23.0,10.4,10.0,322472.871899416,144.141548165623,1.2924332846922728,0.0,340
lhs_0318,lhs_synthetic_scaffold,23.0,10.4,10.0,316541.8322370217,163.18135410886663,1.3303223674063445,0.0,341
lhs_0319,lhs_synthetic_scaffold,23.0,10.4,10.0,212123.73821305047,130.3142289410879,0.5779746276794642,0.0,342
lhs_0320,lhs_synthetic_scaffold,23.0,10.4,10.0,241953.14176235726,284.86769578671954,1.2324923677711008,0.0,343
lhs_0321,lhs_synthetic_scaffold,23.0,10.4,10.0,264662.6737838684,235.3539330007959,1.1358818322985986,0.0,344
lhs_0322,lhs_synthetic_scaffold,23.0,10.4,10.0,257703.74411293466,160.59692632089678,1.088282749037018,0.0,345
lhs_0323,lhs_synthetic_scaffold,23.0,10.4,10.0,308754.182729562,118.672333828963,1.1259603973531016,0.0,346
lhs_0324,lhs_synthetic_scaffold,23.0,10.4,10.0,182510.7588758505,164.47643118610426,1.1410871528880637,0.0,347
lhs_0325,lhs_synthetic_scaffold,23.0,10.4,10.0,324165.36730963504,201.91312017516012,0.8407787311919804,0.0,348
lhs_0326,lhs_synthetic_scaffold,23.0,10.4,10.0,303321.94701545674,120.26702332116518,0.6627608240453912,0.0,349
lhs_0327,lhs_synthetic_scaffold,23.0,10.4,10.0,248871.10504757363,287.2301138810458,1.4246444373724985,0.0,350
lhs_0328,lhs_synthetic_scaffold,23.0,10.4,10.0,317298.0199891877,238.51553115209825,0.8023831655045145,0.0,351
lhs_0329,lhs_synthetic_scaffold,23.0,10.4,10.0,195415.5357535728,195.5870592872522,0.6065597399600643,0.0,352
lhs_0330,lhs_synthetic_scaffold,23.0,10.4,10.0,180584.550005994,223.71446930189023,0.8077652681767074,0.0,353
lhs_0331,lhs_synthetic_scaffold,23.0,10.4,10.0,178405.57600465865,116.18652475636858,1.0121104214347705,0.0,354
lhs_0332,lhs_synthetic_scaffold,23.0,10.4,10.0,334633.2080825877,185.61991146885183,1.174207080895475,0.0,355
lhs_0333,lhs_synthetic_scaffold,23.0,10.4,10.0,163565.22178360383,271.1779680981669,1.2432740841498342,0.0,356
lhs_0334,lhs_synthetic_scaffold,23.0,10.4,10.0,219534.97095997393,295.53525890986174,1.077170351325024,0.0,357
lhs_0335,lhs_synthetic_scaffold,23.0,10.4,10.0,167722.66070401864,268.1730475058956,0.9509086832023478,0.0,358
lhs_0336,lhs_synthetic_scaffold,23.0,10.4,10.0,177549.1591708234,158.19047888510505,1.4953798225296593,0.0,359
lhs_0337,lhs_synthetic_scaffold,23.0,10.4,10.0,237957.81131166796,221.9276158521501,0.7748790768326687,0.0,360
lhs_0338,lhs_synthetic_scaffold,23.0,10.4,10.0,240375.21769043055,195.12840484161933,0.545281014279815,0.0,361
lhs_0339,lhs_synthetic_scaffold,23.0,10.4,10.0,333440.8951274443,184.05694746818978,0.6091799241685566,0.0,362
lhs_0340,lhs_synthetic_scaffold,23.0,10.4,10.0,159946.21376316185,181.2077161553324,1.3404999663949597,0.0,363
lhs_0341,lhs_synthetic_scaffold,23.0,10.4,10.0,285004.2478932596,260.17980057084844,1.0532015961225345,0.0,364
lhs_0342,lhs_synthetic_scaffold,23.0,10.4,10.0,153086.98721412432,104.08701627491445,0.9988360068111327,0.0,365
lhs_0343,lhs_synthetic_scaffold,23.0,10.4,10.0,224075.05770869975,150.60267774114362,0.8734794776116893,0.0,366
lhs_0344,lhs_synthetic_scaffold,23.0,10.4,10.0,300247.4492736666,255.01452264047649,0.9702724631601491,0.0,367
lhs_0345,lhs_synthetic_scaffold,23.0,10.4,10.0,168029.30071048773,263.2040751462114,1.1230601092523658,0.0,368
lhs_0346,lhs_synthetic_scaffold,23.0,10.4,10.0,229994.41809359437,274.57662268017265,0.9483982523315957,0.0,369
lhs_0347,lhs_synthetic_scaffold,23.0,10.4,10.0,339254.82375717873,168.63419290014122,0.650781990873509,0.0,370
lhs_0348,lhs_synthetic_scaffold,23.0,10.4,10.0,271254.67306338006,103.00535091958756,0.5889461695845746,0.0,371
lhs_0349,lhs_synthetic_scaffold,23.0,10.4,10.0,257183.62997978873,244.05420619335183,0.5097943464623373,0.0,372
lhs_0350,lhs_synthetic_scaffold,23.0,10.4,10.0,214206.59509567168,138.07199953048215,1.1181561283996908,0.0,373
lhs_0351,lhs_synthetic_scaffold,23.0,10.4,10.0,254790.8003473827,108.47176299893339,0.6244917818020763,0.0,374
lhs_0352,lhs_synthetic_scaffold,23.0,10.4,10.0,321576.5748871717,155.4947036412146,1.1330702785405316,0.0,375
lhs_0353,lhs_synthetic_scaffold,23.0,10.4,10.0,242129.54771148844,239.78458526303774,1.4713119295068795,0.0,376
lhs_0354,lhs_synthetic_scaffold,23.0,10.4,10.0,162196.2097784797,213.9352183288779,1.4815639381167338,0.0,377
lhs_0355,lhs_synthetic_scaffold,23.0,10.4,10.0,241482.03012636205,192.4624221144233,0.5054217140053515,0.0,378
lhs_0356,lhs_synthetic_scaffold,23.0,10.4,10.0,310053.10443883156,259.1732458241738,0.7701006759413345,0.0,379
lhs_0357,lhs_synthetic_scaffold,23.0,10.4,10.0,198510.94551697874,264.12200272639427,1.0242073398402727,0.0,380
lhs_0358,lhs_synthetic_scaffold,23.0,10.4,10.0,199459.32670427827,267.85475462428786,0.8315728740388928,0.0,381
lhs_0359,lhs_synthetic_scaffold,23.0,10.4,10.0,231573.31351789815,233.098253695572,0.7450167452044587,0.0,382
lhs_0360,lhs_synthetic_scaffold,23.0,10.4,10.0,275878.392979354,111.7430500341903,0.8133202148350208,0.0,383
lhs_0361,lhs_synthetic_scaffold,23.0,10.4,10.0,267419.0657570924,253.91869616867913,1.2587930381245584,0.0,384
lhs_0362,lhs_synthetic_scaffold,23.0,10.4,10.0,179499.7855400129,211.00376880718846,0.8811123992412938,0.0,385
lhs_0363,lhs_synthetic_scaffold,23.0,10.4,10.0,236320.4430133961,177.20010340757375,0.8232234533697294,0.0,386
lhs_0364,lhs_synthetic_scaffold,23.0,10.4,10.0,224889.60628801386,196.49804237957443,1.4369187994139514,0.0,387
lhs_0365,lhs_synthetic_scaffold,23.0,10.4,10.0,171202.93667713742,251.61590821872667,1.2772557851125264,0.0,388
lhs_0366,lhs_synthetic_scaffold,23.0,10.4,10.0,313433.7634700364,267.4701602702978,1.1766531665263988,0.0,389
lhs_0367,lhs_synthetic_scaffold,23.0,10.4,10.0,250562.4000446578,142.2786388578627,1.360435306314157,0.0,390
lhs_0368,lhs_synthetic_scaffold,23.0,10.4,10.0,336671.62461466517,129.39742474938424,0.5269816016652822,0.0,391
lhs_0369,lhs_synthetic_scaffold,23.0,10.4,10.0,282909.1689092262,264.97029180397516,0.6224660056859296,0.0,392
lhs_0370,lhs_synthetic_scaffold,23.0,10.4,10.0,252556.09128580545,194.4855300218988,0.9313652603658056,0.0,393
lhs_0371,lhs_synthetic_scaffold,23.0,10.4,10.0,216607.56889172946,187.20483072372934,0.9103805648065451,0.0,394
lhs_0372,lhs_synthetic_scaffold,23.0,10.4,10.0,307958.56490059977,200.67382176072792,0.699197766002075,0.0,395
lhs_0373,lhs_synthetic_scaffold,23.0,10.4,10.0,228179.27493425662,272.89480708155946,0.6549064839683487,0.0,396
lhs_0374,lhs_synthetic_scaffold,23.0,10.4,10.0,331746.710189727,167.77772026989356,0.6398546008878927,0.0,397
lhs_0375,lhs_synthetic_scaffold,23.0,10.4,10.0,157601.48320480486,113.93080613369273,0.677057901034718,0.0,398
lhs_0376,lhs_synthetic_scaffold,23.0,10.4,10.0,170504.47345217364,103.71708338544518,1.0372888816187753,0.0,399
lhs_0377,lhs_synthetic_scaffold,23.0,10.4,10.0,326979.3552225698,145.6304828651968,1.1856873451836445,0.0,400
lhs_0378,lhs_synthetic_scaffold,23.0,10.4,10.0,222830.34233891527,149.99493190937991,1.4878760286014685,0.0,401
lhs_0379,lhs_synthetic_scaffold,23.0,10.4,10.0,164877.45318741136,143.44732208266754,1.4651254146832542,0.0,402
lhs_0380,lhs_synthetic_scaffold,23.0,10.4,10.0,165304.22396453517,188.36882767763734,0.9450726140721364,0.0,403
lhs_0381,lhs_synthetic_scaffold,23.0,10.4,10.0,290650.8357540229,266.93325737021775,0.6287565568519938,0.0,404
lhs_0382,lhs_synthetic_scaffold,23.0,10.4,10.0,188767.69964392748,191.79089284960077,1.4109019981877395,0.0,405
lhs_0383,lhs_synthetic_scaffold,23.0,10.4,10.0,306070.48854221567,266.1536703384109,1.3635089208548146,0.0,406
lhs_0384,lhs_synthetic_scaffold,23.0,10.4,10.0,206495.61511681645,138.7882253194741,1.1577453339331867,0.0,407
lhs_0385,lhs_synthetic_scaffold,23.0,10.4,10.0,156264.06286823464,288.40366115509255,1.45840961993078,0.0,408
lhs_0386,lhs_synthetic_scaffold,23.0,10.4,10.0,233192.74222491207,115.90343360749432,0.8912486425787665,0.0,409
lhs_0387,lhs_synthetic_scaffold,23.0,10.4,10.0,233522.68200525217,182.57645051494194,0.8346288536836916,0.0,410
lhs_0388,lhs_synthetic_scaffold,23.0,10.4,10.0,183985.5766586229,186.35770074870499,0.6366938998912149,0.0,411
lhs_0389,lhs_synthetic_scaffold,23.0,10.4,10.0,236800.3916301387,293.6719493202337,0.8441745239847236,0.0,412
lhs_0390,lhs_synthetic_scaffold,23.0,10.4,10.0,155674.55600729532,133.87282297731556,1.3852713822402696,0.0,413
lhs_0391,lhs_synthetic_scaffold,23.0,10.4,10.0,338953.47185854195,117.08710653725112,1.3694973038559384,0.0,414
lhs_0392,lhs_synthetic_scaffold,23.0,10.4,10.0,291551.6346968642,111.28123247206912,1.1444304979953566,0.0,415
lhs_0393,lhs_synthetic_scaffold,23.0,10.4,10.0,160858.57824362742,281.22349235707014,0.5422422130911195,0.0,416
lhs_0394,lhs_synthetic_scaffold,23.0,10.4,10.0,224435.0803706863,151.92324552437935,0.8847611251501928,0.0,417
lhs_0395,lhs_synthetic_scaffold,23.0,10.4,10.0,163239.76017346754,240.83712669022566,1.0668957012840723,0.0,418
lhs_0396,lhs_synthetic_scaffold,23.0,10.4,10.0,175291.01873994738,174.2067539721051,1.333566193484883,0.0,419
lhs_0397,lhs_synthetic_scaffold,23.0,10.4,10.0,289125.45382015407,156.00228767297682,0.7845604371393003,0.0,420
lhs_0398,lhs_synthetic_scaffold,23.0,10.4,10.0,317526.09891516104,150.91412108257995,1.4134732308896187,0.0,421
lhs_0399,lhs_synthetic_scaffold,23.0,10.4,10.0,174918.841724575,206.5588111822303,0.6417272768581278,0.0,422
lhs_0400,lhs_synthetic_scaffold,23.0,10.4,10.0,207714.76930468567,119.31532712983639,0.8882863267409691,0.0,423
lhs_0401,lhs_synthetic_scaffold,23.0,10.4,10.0,270980.891982803,292.4485808391837,0.5702365970019483,0.0,424
lhs_0402,lhs_synthetic_scaffold,23.0,10.4,10.0,305658.9513269898,128.3512714158742,0.5904143189604548,0.0,425
lhs_0403,lhs_synthetic_scaffold,23.0,10.4,10.0,220837.0428331812,284.26908798862223,0.7419372914267949,0.0,426
lhs_0404,lhs_synthetic_scaffold,23.0,10.4,10.0,310606.54600548255,228.03760829241864,0.7629160334637318,0.0,427
lhs_0405,lhs_synthetic_scaffold,23.0,10.4,10.0,295063.00794274244,183.5990205216867,1.3532442943029341,0.0,428
lhs_0406,lhs_synthetic_scaffold,23.0,10.4,10.0,298767.95597373287,184.578158433274,0.8799045254621032,0.0,429
lhs_0407,lhs_synthetic_scaffold,23.0,10.4,10.0,334307.4683039321,245.80509014809,1.2754826576874385,0.0,430
lhs_0408,lhs_synthetic_scaffold,23.0,10.4,10.0,182498.79619970464,135.90287771116718,1.2792446368183754,0.0,431
lhs_0409,lhs_synthetic_scaffold,23.0,10.4,10.0,218123.5182498471,297.961227474991,1.0010052408216734,0.0,432
lhs_0410,lhs_synthetic_scaffold,23.0,10.4,10.0,314704.48908723996,202.49820343263605,0.7721712235363334,0.0,433
lhs_0411,lhs_synthetic_scaffold,23.0,10.4,10.0,191863.16712132658,125.60315454982779,0.7262698974230564,0.0,434
lhs_0412,lhs_synthetic_scaffold,23.0,10.4,10.0,163793.24773407925,224.20694240892936,0.909441037500537,0.0,435
lhs_0413,lhs_synthetic_scaffold,23.0,10.4,10.0,184233.71547783638,282.32429086493,0.6781465789100842,0.0,436
lhs_0414,lhs_synthetic_scaffold,23.0,10.4,10.0,318529.1842464055,215.40732087162024,0.9437284005217508,0.0,437
lhs_0415,lhs_synthetic_scaffold,23.0,10.4,10.0,191882.04756012745,212.787767881361,1.197210462831772,0.0,438
lhs_0416,lhs_synthetic_scaffold,23.0,10.4,10.0,325945.45545982005,210.41242531279696,1.2159635545748073,0.0,439
lhs_0417,lhs_synthetic_scaffold,23.0,10.4,10.0,311131.87881858746,242.90778629895536,1.1463745885437078,0.0,440
lhs_0418,lhs_synthetic_scaffold,23.0,10.4,10.0,232207.44323840243,295.7233161239393,0.7167881615821741,0.0,441
lhs_0419,lhs_synthetic_scaffold,23.0,10.4,10.0,171452.86899280123,161.8854355903891,1.2987612113957074,0.0,442
lhs_0420,lhs_synthetic_scaffold,23.0,10.4,10.0,192703.04310392935,218.86720227527684,0.5501155702350924,0.0,443
lhs_0421,lhs_synthetic_scaffold,23.0,10.4,10.0,290195.98342960846,192.0012640475771,0.9845489536490836,0.0,444
lhs_0422,lhs_synthetic_scaffold,23.0,10.4,10.0,322211.20428674313,251.5014620800402,1.3160066884721195,0.0,445
lhs_0423,lhs_synthetic_scaffold,23.0,10.4,10.0,331158.2706278396,237.84274340112688,0.7987096027198977,0.0,446
lhs_0424,lhs_synthetic_scaffold,23.0,10.4,10.0,277264.5426174513,182.2866957743754,0.8115906010597018,0.0,447
lhs_0425,lhs_synthetic_scaffold,23.0,10.4,10.0,187868.94493109267,233.3744033879889,1.057622762074956,0.0,448
lhs_0426,lhs_synthetic_scaffold,23.0,10.4,10.0,238501.5523995698,277.6299946261634,0.5380400972754928,0.0,449
lhs_0427,lhs_synthetic_scaffold,23.0,10.4,10.0,215868.97401803106,273.4363239733441,1.4686351865809635,0.0,450
lhs_0428,lhs_synthetic_scaffold,23.0,10.4,10.0,219245.38275857203,202.95957576090564,0.5205959356918245,0.0,451
lhs_0429,lhs_synthetic_scaffold,23.0,10.4,10.0,219767.8563961694,287.9250665568237,0.9164318197968582,0.0,452
lhs_0430,lhs_synthetic_scaffold,23.0,10.4,10.0,226758.3502357451,141.38872419503394,0.7474218506513985,0.0,453
lhs_0431,lhs_synthetic_scaffold,23.0,10.4,10.0,276266.567425497,243.29718914135304,0.7552304106847882,0.0,454
lhs_0432,lhs_synthetic_scaffold,23.0,10.4,10.0,207319.8878997596,215.05773386049538,1.0602287636070993,0.0,455
lhs_0433,lhs_synthetic_scaffold,23.0,10.4,10.0,266885.22483989137,137.75944114436788,0.8519393374531006,0.0,456
lhs_0434,lhs_synthetic_scaffold,23.0,10.4,10.0,241201.7400653945,255.9086994764322,1.319163702284637,0.0,457
lhs_0435,lhs_synthetic_scaffold,23.0,10.4,10.0,274841.16615256487,208.17470499431576,1.392279018511248,0.0,458
lhs_0436,lhs_synthetic_scaffold,23.0,10.4,10.0,205327.2004018137,230.27317219999148,1.273767217816563,0.0,459
lhs_0437,lhs_synthetic_scaffold,23.0,10.4,10.0,196069.6770239226,132.76473510386828,1.0972630388273537,0.0,460
lhs_0438,lhs_synthetic_scaffold,23.0,10.4,10.0,302327.6539512726,171.30414134813867,0.581778798261211,0.0,461
lhs_0439,lhs_synthetic_scaffold,23.0,10.4,10.0,330471.24757259514,219.66371760629298,1.0782793997521871,0.0,462
lhs_0440,lhs_synthetic_scaffold,23.0,10.4,10.0,261408.8286162614,276.6104550819498,1.0064426408330962,0.0,463
lhs_0441,lhs_synthetic_scaffold,23.0,10.4,10.0,177863.108368755,143.74422367462017,1.0451039704861835,0.0,464
lhs_0442,lhs_synthetic_scaffold,23.0,10.4,10.0,285275.28304423165,114.35114694377785,0.6525751079109945,0.0,465
lhs_0443,lhs_synthetic_scaffold,23.0,10.4,10.0,177142.07926622895,100.76574626653903,1.484809196467051,0.0,466
lhs_0444,lhs_synthetic_scaffold,23.0,10.4,10.0,246950.6924148347,269.5798413801256,0.9024877224075907,0.0,467
lhs_0445,lhs_synthetic_scaffold,23.0,10.4,10.0,184828.07184905343,136.63289326385797,1.086795076165997,0.0,468
lhs_0446,lhs_synthetic_scaffold,23.0,10.4,10.0,239170.4529601858,269.89484748726227,1.3744664252594014,0.0,469
lhs_0447,lhs_synthetic_scaffold,23.0,10.4,10.0,174195.25529589545,205.65932692020044,0.7103065138153133,0.0,470
lhs_0448,lhs_synthetic_scaffold,23.0,10.4,10.0,158077.9443840208,242.21967462462115,1.477935779558322,0.0,471
lhs_0449,lhs_synthetic_scaffold,23.0,10.4,10.0,335020.795366905,179.11487941732688,0.5140204702508735,0.0,472
lhs_0450,lhs_synthetic_scaffold,23.0,10.4,10.0,249855.7713119777,110.02128718407701,0.8582875307470049,0.0,473
lhs_0451,lhs_synthetic_scaffold,23.0,10.4,10.0,277407.6183691712,133.09539366603894,1.4018110720177501,0.0,474
lhs_0452,lhs_synthetic_scaffold,23.0,10.4,10.0,269357.1532261252,276.8796188308172,1.4461123681031447,0.0,475
lhs_0453,lhs_synthetic_scaffold,23.0,10.4,10.0,332088.1075482898,108.89634759075555,1.303654265644158,0.0,476
lhs_0454,lhs_synthetic_scaffold,23.0,10.4,10.0,271974.5895842052,112.4389118037098,1.163352159915399,0.0,477
lhs_0455,lhs_synthetic_scaffold,23.0,10.4,10.0,272472.0963850411,245.4720239269983,0.6884179276894324,0.0,478
lhs_0456,lhs_synthetic_scaffold,23.0,10.4,10.0,296309.5316810327,247.35733476787226,1.4554281548519483,0.0,479
lhs_0457,lhs_synthetic_scaffold,23.0,10.4,10.0,199831.8488409285,145.09582815093577,1.4982106261797488,0.0,480
lhs_0458,lhs_synthetic_scaffold,23.0,10.4,10.0,304792.6300679429,271.5133288420461,1.3115886684634717,0.0,481
lhs_0459,lhs_synthetic_scaffold,23.0,10.4,10.0,222379.67371032684,115.08799093617809,1.131619628920109,0.0,482
lhs_0460,lhs_synthetic_scaffold,23.0,10.4,10.0,181245.5441040081,227.31769164350294,0.7183624836349772,0.0,483
lhs_0461,lhs_synthetic_scaffold,23.0,10.4,10.0,154635.39211025933,296.9791052711549,0.9553310048943161,0.0,484
lhs_0462,lhs_synthetic_scaffold,23.0,10.4,10.0,209519.24273327552,128.68132706691154,1.3157966038529094,0.0,485
lhs_0463,lhs_synthetic_scaffold,23.0,10.4,10.0,295745.43788446055,170.07098606252558,1.1693636250895705,0.0,486
lhs_0464,lhs_synthetic_scaffold,23.0,10.4,10.0,245678.02792451603,201.3400026724813,0.8564275459471173,0.0,487
lhs_0465,lhs_synthetic_scaffold,23.0,10.4,10.0,255696.22037996206,275.98304527017467,0.9359445335333605,0.0,488
lhs_0466,lhs_synthetic_scaffold,23.0,10.4,10.0,304475.94273182057,157.83113811314524,1.0625602853743072,0.0,489
lhs_0467,lhs_synthetic_scaffold,23.0,10.4,10.0,297549.5742162339,123.93215773094336,0.722384074969451,0.0,490
lhs_0468,lhs_synthetic_scaffold,23.0,10.4,10.0,261177.60141839652,283.18363330663993,1.482900744481425,0.0,491
lhs_0469,lhs_synthetic_scaffold,23.0,10.4,10.0,257915.02106362622,293.2590698619798,0.6589492069291722,0.0,492
lhs_0470,lhs_synthetic_scaffold,23.0,10.4,10.0,294497.46267217875,209.25679968959304,1.3088113828843575,0.0,493
lhs_0471,lhs_synthetic_scaffold,23.0,10.4,10.0,301139.083663573,223.2115672812584,0.7039758098408185,0.0,494
lhs_0472,lhs_synthetic_scaffold,23.0,10.4,10.0,286600.99212642945,250.22187537594178,0.8652764273000372,0.0,495
lhs_0473,lhs_synthetic_scaffold,23.0,10.4,10.0,266209.38616263005,203.46445634917524,0.6717607912536511,0.0,496
lhs_0474,lhs_synthetic_scaffold,23.0,10.4,10.0,204245.32246773655,122.3347200518804,1.0833171338765495,0.0,497
lhs_0475,lhs_synthetic_scaffold,23.0,10.4,10.0,211007.661934557,197.85062627897918,0.5363270995779779,0.0,498
lhs_0476,lhs_synthetic_scaffold,23.0,10.4,10.0,175570.31850015957,282.5212574386797,0.5169778558258261,0.0,499
lhs_0477,lhs_synthetic_scaffold,23.0,10.4,10.0,285896.3478448854,174.90353790900753,1.2843524113583475,0.0,500
lhs_0478,lhs_synthetic_scaffold,23.0,10.4,10.0,180816.8847479871,273.63178568612193,1.2507080799376324,0.0,501
lhs_0479,lhs_synthetic_scaffold,23.0,10.4,10.0,294056.90903041186,204.31388027653512,0.9914567137142236,0.0,502
lhs_0480,lhs_synthetic_scaffold,23.0,10.4,10.0,193247.19250054588,281.1706127262359,0.7014957193160705,0.0,503
lhs_0481,lhs_synthetic_scaffold,23.0,10.4,10.0,230259.87008080925,198.56335911853225,1.1710912368492306,0.0,504
lhs_0482,lhs_synthetic_scaffold,23.0,10.4,10.0,205971.9098205106,209.1073594988015,1.04392622764636,0.0,505
lhs_0483,lhs_synthetic_scaffold,23.0,10.4,10.0,169149.19253520144,185.4160353511587,0.7491121696346584,0.0,506
lhs_0484,lhs_synthetic_scaffold,23.0,10.4,10.0,280525.74502197816,101.13569630561554,1.4316926560997332,0.0,507
lhs_0485,lhs_synthetic_scaffold,23.0,10.4,10.0,270552.4997614659,248.5677428229234,0.7860169579739479,0.0,508
lhs_0486,lhs_synthetic_scaffold,23.0,10.4,10.0,180186.2244383072,155.89412759767012,1.4147254251916892,0.0,509
lhs_0487,lhs_synthetic_scaffold,23.0,10.4,10.0,289848.3223177276,106.71027532546553,0.5558608592237101,0.0,510
lhs_0488,lhs_synthetic_scaffold,23.0,10.4,10.0,197622.10881653204,177.60534590233902,0.8147467498337152,0.0,511
lhs_0489,lhs_synthetic_scaffold,23.0,10.4,10.0,302738.8251731398,256.6635785007711,0.8462126643941784,0.0,512
lhs_0490,lhs_synthetic_scaffold,23.0,10.4,10.0,247634.02628915585,291.06802240171413,0.6202074636453803,0.0,513
lhs_0491,lhs_synthetic_scaffold,23.0,10.4,10.0,184718.05387880912,215.69967476680074,1.0182872550734268,0.0,514
lhs_0492,lhs_synthetic_scaffold,23.0,10.4,10.0,208909.3154431514,193.41138756716012,0.6971203628522595,0.0,515
lhs_0493,lhs_synthetic_scaffold,23.0,10.4,10.0,320517.7085269074,261.01337242124947,0.5791361882027553,0.0,516
lhs_0494,lhs_synthetic_scaffold,23.0,10.4,10.0,172075.27002888496,148.29738191133106,0.7062212632864828,0.0,517
lhs_0495,lhs_synthetic_scaffold,23.0,10.4,10.0,152715.13809219614,285.8830214089072,0.8200372867996778,0.0,518
lhs_0496,lhs_synthetic_scaffold,23.0,10.4,10.0,260327.05676870205,211.9708549966757,0.9789059755901133,0.0,519
lhs_0497,lhs_synthetic_scaffold,23.0,10.4,10.0,298525.75092482084,169.23780331913719,1.283469643616487,0.0,520
lhs_0498,lhs_synthetic_scaffold,23.0,10.4,10.0,337538.7421776537,287.07598707468844,0.5725694186076182,0.0,521
lhs_0499,lhs_synthetic_scaffold,23.0,10.4,10.0,172939.82463125009,247.64068360434442,0.9186885449520751,0.0,522
